problem_id,skill_id
967,76
2100,86
554,14
1773,3
965,71
1160,71
1122,71
1288,31
943,48
2096,14
294,89
642,97
2787,28
2991,70
81,56
72,64
69,64
70,64
2346,39
2341,65
2340,65
2342,65
2344,65
2345,65
2041,72
2037,72
2038,72
2039,72
1536,43
1535,43
2562,56
2141,44
1745,27
999,35
959,27
2024,33
2022,59
2022,33
2023,33
806,27
1413,50
1410,50
1411,50
1412,50
238,24
2114,59
606,14
603,14
604,14
605,14
1136,71
2093,59
1024,14
1891,86
1630,86
1689,86
1739,86
1777,86
1789,86
1800,86
1811,86
1823,86
1140,46
1137,46
1138,46
1139,46
1685,59
1682,59
1683,59
1684,59
1660,59
1655,59
1657,59
1658,59
1659,59
2011,101
1711,59
1728,59
2091,75
1665,59
1715,59
1097,71
1093,71
1094,71
1095,71
1096,71
3043,22
3010,22
3021,66
3032,22
1769,3
1319,39
979,17
908,65
290,100
283,100
284,100
285,100
286,100
288,100
289,100
938,76
26,78
571,100
2017,71
2012,71
2013,71
2015,71
2016,71
1886,62
1318,82
2613,22
2603,66
2607,66
1476,59
324,56
1176,93
1950,96
1941,100
954,77
3063,59
1532,69
2040,44
1986,29
1983,100
1984,100
1985,29
388,59
1058,27
1056,27
1057,27
2082,96
1982,39
1976,65
1965,72
1969,72
45,44
35,55
36,55
44,44
2732,56
545,17
544,17
540,84
542,84
543,17
1529,43
1930,23
1926,23
1927,96
1929,96
2273,65
1036,99
2339,39
2335,65
2336,65
2337,65
2338,65
303,0
976,74
1118,71
1146,71
368,59
342,74
353,74
1707,62
2669,59
2666,59
2668,59
636,97
1997,71
1994,71
1995,71
1996,71
962,60
2620,34
622,75
552,75
563,75
587,75
599,75
910,75
2869,28
1772,96
1750,96
1759,96
1766,96
1114,71
1053,1
2069,96
1524,28
1523,61
2088,28
2089,28
686,59
1135,71
1390,78
1384,78
1385,78
1386,78
1387,78
2101,59
2518,90
985,17
2102,17
2103,17
2104,17
2105,17
2106,17
2602,27
2569,62
2567,62
2568,62
2050,14
1433,50
1420,50
1427,50
1429,50
2689,59
2690,59
2691,59
2692,59
1534,43
1549,43
1553,43
1550,43
1551,43
1552,43
331,86
2825,59
916,75
2948,75
2950,75
1430,50
1431,50
1432,50
2329,94
373,14
374,14
375,68
376,68
200,78
201,78
202,78
284,55
336,74
337,74
338,74
204,43
214,43
215,43
382,99
383,99
384,99
479,93
488,94
499,93
507,93
314,56
540,94
542,94
543,98
544,94
233,69
234,97
220,69
224,97
2014,90
2021,90
133,26
134,26
135,26
137,26
3055,79
3058,79
162,29
173,55
2441,71
2442,71
2444,71
2445,71
2565,46
2567,46
2568,46
2569,46
2482,71
2472,28
2507,19
2431,71
2548,71
2550,71
2555,71
2557,71
2559,71
2336,47
2334,64
2333,27
2331,78
2335,71
2339,67
2344,90
2340,28
2341,58
2345,56
2218,74
2219,74
2220,74
2221,74
790,74
791,74
792,74
793,74
2134,31
2136,31
2137,31
2182,34
1808,90
2326,92
2306,71
2029,90
279,45
281,98
282,45
283,8
239,86
240,86
241,86
242,86
243,86
354,65
355,65
356,65
522,39
524,39
321,56
322,56
323,56
339,75
340,75
341,75
343,75
729,14
813,59
2993,25
2527,71
2529,71
2531,71
2534,71
2493,71
2494,71
2462,71
2463,71
2464,71
2466,71
2453,71
2455,71
2456,71
2486,71
2488,71
2489,71
2490,71
2491,71
2468,28
2501,19
2502,19
2853,50
2857,50
2859,50
2860,50
2861,50
2862,50
2666,71
2668,50
2321,39
2332,1
2343,1
2354,1
2365,1
2376,39
2388,27
1511,55
1506,89
1507,55
1508,89
1509,55
321,58
322,58
323,58
2076,65
2618,34
2619,34
384,59
385,59
386,59
387,59
969,77
915,34
1974,21
1970,21
1971,68
1972,27
1973,21
34,38
291,64
292,64
293,64
2631,59
2632,59
2633,59
2755,59
2756,59
2757,59
2758,59
2759,59
2762,59
2763,59
2764,59
2739,59
2740,59
2742,59
2634,59
2635,59
2636,59
2637,59
2940,59
2941,59
2942,59
2932,59
2933,59
2934,59
2935,59
2923,59
1734,36
1730,36
1731,36
1732,27
1733,36
2906,59
1521,26
1518,26
2115,14
1498,30
1115,71
1116,71
1117,71
963,59
1020,14
1021,68
1022,68
130,78
123,69
126,69
127,69
129,78
2009,101
2010,101
1981,89
977,49
1631,96
1626,96
1627,96
1628,96
1629,96
1055,27
2036,69
2032,69
2033,69
2034,69
2035,69
913,49
1419,53
1416,53
1417,50
2125,3
2107,91
2116,65
2118,25
2119,3
2120,96
2121,3
1028,78
1784,39
1782,27
1783,27
978,93
3099,38
3089,38
3090,38
3091,38
3093,38
982,62
3033,62
3034,62
3035,62
2133,96
2128,96
2129,96
2132,96
856,100
848,100
851,100
855,100
2328,65
2322,65
2323,65
2324,65
2325,65
2326,65
2327,65
986,78
987,35
988,78
989,78
990,78
991,35
992,78
993,78
995,78
996,35
1051,1
1052,1
1150,71
1147,46
1148,46
1149,46
3077,59
3078,59
3079,59
1912,59
1526,43
1527,43
1528,43
3069,43
3071,43
3072,43
3083,59
3076,59
3084,59
334,14
329,14
330,14
332,14
333,14
2189,28
2135,61
2152,28
2167,34
2178,28
2565,82
2563,82
2564,82
217,66
202,58
204,58
214,58
215,58
1017,39
1001,39
1002,39
1003,39
1004,39
1005,39
1006,39
1007,39
1008,39
1010,39
1011,39
1012,39
1013,39
1014,39
1015,39
1016,39
939,72
2769,28
2777,28
535,31
532,31
533,31
293,66
294,101
295,101
296,66
345,14
346,14
347,68
348,14
349,14
269,56
270,56
271,56
272,56
273,56
315,56
316,56
385,14
386,74
387,68
388,14
249,86
251,86
255,86
256,86
398,72
401,72
402,72
407,72
408,72
419,72
370,22
371,22
372,22
177,69
3006,55
3043,91
2998,55
3007,55
2994,55
2990,1
3021,55
2992,25
3032,55
2991,23
2495,71
2496,71
2497,71
2508,19
2509,19
2483,71
2473,71
1047,37
1046,2
1048,40
1799,27
1798,60
1049,44
1050,44
1059,44
1062,44
1437,44
1443,41
1445,41
1446,41
1447,44
1304,41
1358,41
1391,41
1408,41
1428,44
983,47
546,51
631,97
634,97
635,97
1833,62
1831,62
1829,62
319,26
315,26
316,64
317,26
318,26
1461,65
1454,65
1447,65
1448,65
1449,65
1455,65
1456,65
1459,65
5,38
2020,67
2018,67
2019,67
3025,94
3026,94
3027,93
1446,59
1358,59
1391,59
1408,59
1428,59
1437,59
1443,59
1445,59
2261,65
2001,71
1998,71
1999,71
2000,71
955,78
1395,87
2945,63
2919,58
2926,58
2937,58
2334,39
1525,43
2046,55
314,34
310,34
311,34
312,34
313,63
1034,99
1035,99
547,72
1471,94
1469,94
1470,98
902,19
2886,19
2887,19
2888,19
2889,19
282,74
3087,59
912,20
1964,39
348,48
345,52
346,52
347,52
1505,29
1500,29
1501,29
1502,29
1503,29
1504,29
972,27
344,75
3054,91
2996,55
2989,1
3052,91
424,14
432,75
443,14
3008,55
2988,1
656,49
549,29
794,3
688,1
608,89
669,55
670,55
671,55
672,55
634,89
674,1
561,25
712,91
92,29
696,69
653,49
802,3
659,55
605,89
774,89
591,1
592,1
593,1
594,1
586,1
569,55
570,55
571,55
574,25
704,69
585,91
666,63
700,69
553,91
691,63
3063,30
3068,62
3070,30
3082,62
3085,55
3086,62
637,89
3087,30
557,55
780,65
139,55
805,33
640,89
663,55
709,1
602,89
601,60
679,63
584,25
595,55
1897,56
1931,66
1932,66
1942,66
1948,66
2168,62
2169,62
2170,62
2171,62
1921,42
2193,3
2051,82
2232,55
2223,22
2141,79
2142,79
2143,79
2210,82
2212,82
2213,82
2214,82
2118,30
2207,22
2186,62
2196,33
2082,86
2202,22
786,74
787,74
789,74
2215,74
2216,74
2217,74
2457,71
2492,71
2446,71
2436,71
2426,71
2536,71
2512,71
2500,19
2467,28
2560,71
2425,71
2503,19
2504,19
2447,71
2448,71
2449,71
2450,71
2458,71
2459,71
2460,71
2461,71
2437,71
2477,71
2538,71
2539,71
2541,71
2542,71
2545,71
2561,71
2515,71
2427,71
1068,44
1774,27
1788,41
1738,35
1740,60
1741,60
1742,60
1750,60
1759,60
1766,60
1772,35
1145,44
1793,27
1794,27
1795,27
1796,27
1797,27
1176,41
1801,67
2284,44
2293,1
2294,91
2295,91
2296,1
2227,22
2228,66
2229,66
2230,66
1914,28
1919,28
1920,28
1965,49
1910,28
1990,49
2172,86
1804,39
1805,39
1806,39
1807,39
2069,56
2287,27
2242,86
2412,39
2416,56
2417,56
2418,56
2385,91
2386,91
2389,96
2390,91
2391,96
2392,96
2393,96
2970,96
145,29
146,55
147,100
153,29
2394,39
3060,27
2415,39
2413,74
3128,27
3129,27
3130,27
3059,27
2972,65
2974,65
2975,65
2977,65
2978,65
2987,65
174,100
176,29
2966,27
2967,27
2419,22
2420,66
2422,66
2423,22
2424,22
2968,47
766,27
1479,96
1480,91
1481,96
1482,96
1483,96
1601,92
1603,92
1604,92
1605,92
1606,92
1607,92
1609,92
1610,92
1625,62
2843,50
2969,47
2371,35
1582,92
1566,96
1568,96
1569,96
1570,96
1572,96
1678,3
1690,3
1699,3
1707,3
1635,26
1721,96
1594,92
1618,62
2669,50
2671,74
2672,55
2725,53
2726,50
2727,50
2728,53
2729,53
2732,63
2741,50
2751,53
2789,78
2795,78
2805,78
1611,39
1612,39
1613,39
63,43
64,43
47,43
126,29
127,29
129,29
130,29
131,29
132,29
49,38
28,43
4,43
5,43
6,43
1821,38
2337,82
2338,56
1175,71
900,3
2879,3
2881,3
2882,3
2047,14
2048,14
2049,14
2907,59
2908,59
2909,59
2910,59
1654,59
1650,59
1651,59
1652,59
1653,59
1832,62
1968,22
1966,22
1967,22
297,69
295,69
296,69
308,28
304,58
305,58
306,58
307,58
2511,66
2507,66
2508,66
2509,66
981,16
3050,16
3051,16
1163,94
1167,93
1166,19
174,53
153,53
162,53
173,84
2031,43
2025,43
2026,43
2027,43
2028,43
2030,43
2990,70
2989,70
2113,59
1382,53
1359,53
1360,63
1828,30
1825,30
1826,30
1827,30
2092,59
970,44
914,74
2883,74
2884,74
2885,74
1492,62
1493,30
1494,62
1496,55
1497,62
1023,15
708,59
705,59
845,56
2778,77
2779,77
1161,19
1162,19
1164,19
1165,19
840,65
338,72
2131,59
2130,59
984,22
971,22
974,22
980,22
1736,96
1712,96
2924,59
2925,59
1691,59
1686,59
1687,59
1688,59
548,14
549,14
550,68
551,68
553,14
1661,59
1662,59
1663,59
1664,59
179,69
176,64
177,64
178,69
2065,41
2059,41
2060,41
2061,41
2063,41
2064,41
3008,56
2911,59
2927,59
2939,59
2897,59
2996,56
2998,56
3006,56
3007,56
2560,56
2561,81
1935,45
1110,71
1351,50
1320,50
1325,50
1326,50
1332,50
1333,50
1343,50
328,27
2054,14
2052,14
2053,14
352,22
1544,29
1959,20
1960,20
1961,20
1962,20
797,92
307,56
310,56
311,56
313,56
230,97
231,69
232,69
290,94
299,27
257,28
362,22
389,72
391,72
394,72
395,72
396,72
397,72
450,93
460,94
471,93
761,21
762,21
763,68
764,27
765,21
545,27
529,65
531,65
532,65
533,65
534,65
535,65
536,65
537,65
2372,78
2377,35
2378,78
2379,78
2380,78
2381,35
2382,78
2383,78
2384,78
2373,35
2374,78
2375,78
3010,55
2478,71
2479,71
2480,71
1465,41
1448,44
1319,41
50,38
51,38
52,38
61,38
3124,43
33,69
3109,43
36,78
303,27
274,72
262,28
182,86
327,86
1133,39
0,3
1060,93
1592,3
1822,3
2166,93
367,39
1584,92
253,39
955,39
1032,39
1777,39
974,65
48,65
1573,29
2533,65
1038,65
599,65
2399,39
344,100
339,100
340,100
341,100
343,100
1928,100
1084,72
1062,72
3080,59
699,59
696,59
697,59
698,59
1678,89
1690,89
1699,89
109,59
112,59
105,59
111,59
102,59
96,59
101,59
108,59
93,59
106,59
95,59
99,59
107,59
97,59
104,59
98,59
100,59
94,59
167,28
165,28
169,28
161,67
160,35
164,32
159,35
163,32
166,28
244,59
245,59
247,59
246,59
248,59
250,59
252,59
168,28
206,35
208,32
210,32
207,32
212,32
205,35
213,32
211,32
203,35
3128,38
3123,38
3124,38
3125,38
3126,38
3127,38
1836,66
1834,66
1835,66
3064,59
3067,59
3066,59
3065,69
601,14
594,72
595,16
596,16
597,14
600,14
3030,49
3031,49
230,31
218,31
219,31
220,31
224,31
3023,47
3024,47
905,96
3038,96
3039,96
110,59
2078,96
2513,59
2514,59
171,77
170,77
3121,38
3109,38
3118,38
172,77
2079,96
2080,96
3036,17
3037,17
800,92
801,92
259,28
260,34
261,28
217,43
218,43
219,43
510,93
350,14
377,78
2588,47
2937,53
2945,88
2949,53
2958,53
2963,53
2570,82
2603,82
2863,31
2679,101
2816,33
2817,33
2823,33
2832,33
2708,32
2649,82
2650,82
2651,82
2652,82
2659,82
2484,71
2485,71
2119,57
2120,30
2121,30
2199,33
2201,33
635,89
636,89
550,29
551,29
650,65
662,65
673,65
684,65
695,65
706,65
717,65
1903,39
1922,39
1947,39
1992,39
2077,39
2117,39
2135,39
2152,39
2167,39
2178,39
1218,47
1215,47
1216,47
1217,47
1515,29
1512,55
1513,100
1514,29
2253,91
2255,91
2256,91
2257,91
2258,65
2259,65
2260,65
31,38
32,38
33,38
1788,92
277,19
1530,69
1531,69
957,3
997,78
998,78
1068,72
1069,72
1074,72
1078,72
3085,59
3086,59
1311,82
1312,82
1313,82
3060,59
3061,59
3062,59
2559,79
2555,79
2557,79
3048,27
3049,27
1103,71
1098,71
1100,71
1101,71
1102,71
2320,39
2582,22
2579,66
2580,22
2581,22
936,99
242,78
239,78
240,78
241,78
1953,39
1958,39
2081,39
2486,42
2481,63
2482,42
2483,63
2484,63
2485,42
1442,53
1438,88
1439,53
1453,47
1092,28
3073,43
2058,3
1519,26
1520,26
1726,59
1727,59
1261,33
272,19
273,19
274,19
275,19
695,14
650,14
662,68
236,97
237,69
238,69
304,67
305,67
306,27
582,25
583,25
606,89
607,89
713,91
714,91
715,91
716,91
657,91
658,49
615,89
623,89
631,89
667,63
668,63
642,89
651,89
3089,62
300,67
301,67
302,27
798,72
258,61
675,1
676,1
677,91
678,1
140,89
142,55
143,89
144,55
654,91
655,49
689,1
690,1
795,3
638,89
639,89
680,91
681,91
682,91
683,91
685,91
686,91
687,63
775,89
777,89
778,89
779,89
554,91
555,91
556,91
603,89
604,89
588,1
589,1
590,1
697,69
698,69
699,69
701,69
702,69
703,69
796,3
664,55
705,69
707,69
708,69
2428,71
2429,71
2430,71
2516,71
2518,71
2519,71
2562,46
2563,46
2564,46
2505,19
2469,71
2470,71
2471,71
2438,71
2439,71
2440,71
2244,86
2245,86
1993,49
2003,49
2289,27
2290,27
2291,27
1803,67
1802,67
1809,90
1810,90
1812,90
767,27
768,27
2066,82
2224,66
2225,66
2226,66
2187,62
2188,62
2414,74
526,39
527,39
528,39
275,72
278,92
325,56
326,56
263,61
264,28
266,34
267,28
180,69
181,78
357,65
358,65
359,65
361,65
660,55
661,55
3090,30
3091,62
3093,55
3099,62
596,55
597,55
600,55
103,29
113,29
114,29
116,29
123,29
803,3
804,3
806,33
2086,86
2087,86
2090,86
2096,86
2116,86
2190,62
2040,90
2197,33
2198,33
2183,34
2184,34
2185,58
2173,86
2174,86
2175,86
2176,86
2285,86
2286,44
1084,44
1780,27
1784,27
1785,27
1786,27
1787,27
1449,44
1454,41
1455,41
1456,44
1459,41
1461,41
1463,41
1464,44
1466,41
1467,41
1468,41
1469,44
1470,41
1471,64
1472,41
1474,44
1113,44
1790,41
1791,41
1177,41
1155,44
1163,44
1167,44
1587,93
1591,92
1626,89
1627,89
1628,89
1614,96
1537,14
1548,100
1554,100
1555,14
1556,14
1557,76
1599,92
1600,92
1475,96
1476,96
1477,96
1478,96
1485,96
1486,96
1487,96
1488,96
598,65
759,65
906,65
1018,65
1030,65
1041,65
183,86
184,86
185,86
187,86
1069,44
1074,44
1185,41
1190,41
1214,41
1223,41
1847,38
1858,38
1869,38
1880,38
1886,38
189,86
198,86
199,86
2315,47
2319,75
2304,38
2313,71
2307,3
2316,65
2309,19
2320,14
2330,27
2325,50
2305,51
562,25
2208,66
2209,66
1931,91
1932,96
1942,96
1948,96
2476,66
2443,101
2454,101
2465,66
574,51
1141,71
29,14
27,14
28,38
1770,3
1771,3
2955,76
2956,76
2957,76
2281,25
2274,25
2275,25
2278,25
2279,25
2280,65
2315,27
2316,27
2317,96
2319,39
1765,65
1457,27
2288,45
2254,94
2265,98
2277,45
1189,71
3129,38
3130,38
3,38
4,38
1129,71
1126,71
1127,71
1128,71
1937,100
1938,100
1939,100
1940,100
2195,44
1760,65
1751,65
1752,65
1753,65
1754,65
1755,65
1756,65
1757,65
1758,65
673,14
684,14
1156,71
1157,71
1158,71
1159,71
2362,39
707,59
1847,89
1858,89
1869,89
1880,89
2055,3
2056,3
2057,3
1211,47
1191,47
1195,47
1199,47
1208,47
1210,47
945,19
2964,19
2965,19
1824,14
1817,100
1818,100
1819,14
1820,14
1821,76
2425,39
2418,1
2419,1
2420,1
2422,1
2423,39
2424,27
2432,94
1452,47
2067,65
2068,65
2070,65
2071,65
2072,65
2073,65
2074,65
2075,65
2726,86
1119,71
1120,71
1121,71
1132,19
185,20
299,58
300,58
301,58
302,58
1154,71
1151,71
1152,71
1153,71
6,78
15,78
22,78
1238,33
1246,33
1257,33
2536,74
534,31
973,76
3020,76
3022,76
317,56
318,56
319,56
1061,65
1789,65
1800,65
1811,65
1823,65
803,58
804,58
805,58
2410,98
2421,94
2577,31
1955,77
335,92
3074,69
3075,69
336,72
337,94
116,58
92,58
103,58
113,58
114,58
2051,96
2062,96
2066,96
254,86
265,86
276,86
287,86
298,86
309,86
320,86
909,65
2921,74
2922,34
278,74
279,74
280,74
281,74
1310,82
1299,82
1305,82
1306,82
1307,82
1308,82
1309,82
2095,59
692,73
688,73
689,73
690,73
691,73
1991,71
1936,27
1729,96
1735,96
2863,28
2864,34
1451,27
3082,59
3068,59
3070,59
638,97
639,97
640,97
1130,19
1131,19
209,32
194,93
195,98
193,93
197,93
188,93
192,93
191,93
196,98
190,93
2575,31
2576,31
2008,82
1233,32
1227,32
1228,32
1229,32
1230,32
975,72
1706,59
1409,54
1402,54
1405,78
1406,78
1407,54
51,17
2963,67
349,22
350,22
351,22
966,100
953,34
2997,34
2999,34
3000,34
1780,14
277,92
285,55
286,55
288,55
289,55
710,1
3061,27
328,86
329,86
330,86
332,86
333,86
334,86
335,86
781,65
782,65
783,65
785,65
1775,27
1776,86
1778,27
2002,82
2004,82
2005,82
2006,82
2007,82
1357,53
1785,92
1786,93
1787,92
960,59
2085,72
134,17
2930,59
2931,59
2936,59
2938,59
2928,59
2929,59
2913,59
2914,59
2915,59
2549,67
2566,67
2578,27
2094,59
2097,59
2098,59
2099,59
2009,59
2010,59
1704,59
1705,59
1713,59
1714,59
325,64
326,64
327,64
1774,100
1775,100
1776,14
1778,14
1779,76
1538,78
1450,27
1362,50
1373,53
2270,65
2271,65
2272,65
1142,71
1143,71
1144,71
582,97
1355,50
1356,50
2534,74
2535,74
2943,59
2944,59
2900,59
2902,59
2903,59
2904,59
2905,59
1781,59
511,31
512,76
513,31
514,31
1853,97
1851,97
1852,97
1262,31
1272,31
1273,31
1277,31
2840,65
2841,65
2842,65
1866,59
1863,59
1864,59
1865,59
3040,59
3041,59
3042,74
3044,74
1949,96
1943,96
1944,96
1945,96
1946,96
515,20
516,59
518,59
519,59
2826,59
2827,59
2828,59
2663,59
2664,59
961,28
2667,59
2670,59
2673,59
2674,59
231,24
232,24
233,70
234,70
236,70
237,24
2791,59
2792,59
2793,59
2794,59
2727,56
2728,56
2729,56
2134,44
2136,44
2137,44
2639,59
1842,59
399,35
400,32
404,32
403,32
405,42
406,32
409,59
410,42
411,35
412,42
413,42
414,0
415,42
416,42
417,42
420,42
421,42
422,27
423,27
425,27
426,42
427,42
428,42
429,42
445,3
1539,29
1540,29
1541,29
1542,29
1543,29
2643,59
2644,59
2646,59
437,59
438,59
439,59
433,59
434,59
435,59
436,59
508,59
495,59
457,59
458,59
459,59
469,59
470,59
472,59
483,59
496,59
497,59
498,59
489,59
490,59
491,59
461,59
462,59
463,59
500,59
465,59
466,59
467,59
468,59
464,59
473,59
474,59
475,59
476,59
505,59
509,59
478,59
477,59
440,59
441,59
442,59
451,59
452,59
453,59
492,59
493,59
494,59
454,59
455,59
456,59
444,59
484,59
485,59
486,59
487,59
501,59
502,59
503,59
504,59
360,59
392,59
393,59
115,62
3122,59
2960,59
1933,45
1934,45
2083,72
2084,72
2893,65
2894,65
2895,65
2896,65
2766,59
2767,59
2770,59
2771,59
2772,59
2238,29
2166,69
1885,59
1882,59
1883,59
1884,59
2748,59
2752,59
2753,59
2754,59
2330,65
2331,65
2333,65
1850,59
1844,59
1845,59
1846,59
1848,59
1849,59
1872,59
1867,59
1868,59
1870,59
1871,59
3009,59
3011,59
1761,65
1762,65
1763,65
1764,65
131,74
132,80
2156,96
2150,96
2151,96
2154,96
2155,96
2517,96
759,78
906,78
2720,86
2723,86
2724,86
2725,86
846,100
2781,100
2782,100
1025,78
1026,78
1027,78
1963,20
2112,59
133,17
3001,77
3002,77
3003,44
3004,44
3005,100
1089,71
1090,71
1091,71
2353,65
2355,65
2356,65
2357,65
2358,65
2359,65
2360,65
2361,65
2193,44
2194,44
255,78
3012,71
3013,71
1440,53
1441,53
2659,22
760,65
776,65
788,65
799,65
810,65
822,65
2949,81
2958,66
2959,81
308,56
291,98
292,94
363,22
366,22
369,22
558,55
559,55
560,55
2971,96
665,55
2474,71
2475,71
2621,47
2622,47
2624,47
1222,65
1444,65
1462,65
1516,39
932,3
2254,29
564,25
1088,44
1099,44
1125,44
1134,44
1792,41
1561,65
1574,65
1593,65
1608,65
1619,65
1630,65
1689,65
1739,65
2253,63
2246,70
2247,70
2248,70
2258,82
2261,56
2262,56
2263,56
2264,56
2266,56
2267,22
2268,22
2269,66
2270,22
2271,22
2272,66
2273,22
2274,66
2275,22
2278,31
2279,31
2280,31
2281,31
1025,39
1026,65
1902,67
517,94
520,93
378,78
380,78
381,78
546,67
547,67
548,27
351,68
352,14
2062,82
711,1
2807,78
2808,78
2899,54
2901,54
2912,78
2919,78
2926,54
2579,53
2581,50
2582,53
2627,50
2645,50
2647,50
2648,50
2760,50
2761,50
2765,50
2768,50
2769,50
2777,50
2787,50
2891,87
2234,55
2235,55
2236,55
2237,55
1898,56
1901,56
2194,3
2195,3
2591,47
2592,47
2594,47
15,43
22,43
29,43
2125,44
2144,55
2153,58
2157,58
31,43
254,65
265,65
276,65
287,65
298,65
1020,3
221,26
222,27
223,26
225,27
226,26
227,27
228,26
229,27
933,35
2951,35
2952,35
2953,74
2021,44
2029,44
0,69
1060,69
1592,69
1822,78
1708,59
1709,59
1710,59
2042,55
2043,55
2044,55
2045,55
1172,71
1173,71
1174,71
2890,65
2892,65
46,31
47,17
49,17
50,17
180,58
181,58
182,58
183,58
184,58
2526,71
2546,71
2595,47
2601,47
2687,101
2698,101
2959,53
1624,62
1667,3
1712,95
1634,39
1565,96
1581,92
2625,47
2716,32
2720,32
2723,32
2724,32
2864,31
2869,31
2875,31
2880,31
2607,82
2613,82
2618,82
2619,82
2620,82
2571,82
2573,82
2574,82
2575,82
2576,82
2577,82
2276,26
1615,96
1616,96
1617,96
1597,92
1700,59
1649,59
1643,59
1644,59
1646,59
1647,59
1648,59
1725,59
1722,59
1723,59
1724,59
1703,59
3102,59
3103,59
3100,59
3101,59
3111,59
3120,59
3114,59
3112,59
1677,59
1672,59
1673,59
1674,59
1675,59
1676,59
1681,59
1680,59
1679,59
968,29
2954,74
3014,76
3015,76
1892,78
1893,78
1894,78
1895,78
1830,38
1837,38
1840,38
1818,38
1813,38
2249,53
2250,53
2251,53
2252,84
1950,38
2177,17
1927,14
2133,17
2161,78
2163,69
2165,78
1629,39
2652,66
2122,59
2123,59
2124,59
2126,59
2127,59
243,78
249,78
251,78
1696,59
1692,59
1693,59
2108,59
2109,59
2110,59
2111,59
3016,60
3045,29
3046,29
3047,29
1987,71
1988,71
1989,71
2433,71
2434,71
2435,71
2481,71
1489,39
2189,29
1111,71
1112,71
2234,91
2236,91
2237,29
1767,3
1768,3
1911,28
1913,28
156,94
151,93
157,98
148,93
149,93
152,93
150,93
158,93
154,93
155,93
1743,27
1744,27
2808,49
2805,49
2807,49
1951,77
1952,77
1954,77
2395,39
2403,39
2404,39
2405,39
2406,39
2407,39
2408,39
2409,39
2411,39
2396,39
2397,39
2398,39
2400,39
2401,39
2402,39
1899,81
2962,65
727,65
1558,23
1562,23
1563,96
2314,96
3125,43
3126,43
3127,43
2158,58
2159,58
3118,43
3121,43
3123,43
2160,58
2238,78
2239,78
2240,78
3106,59
3107,59
3108,59
3110,59
2731,59
3092,59
3094,59
3096,59
3097,59
3098,59
3095,59
3104,59
3105,59
2086,14
2087,14
2090,18
3017,86
3018,86
3019,86
2650,22
2651,22
738,59
732,59
733,59
1923,63
1924,42
1925,63
1926,63
568,59
576,59
577,59
2680,59
2681,59
2682,59
2683,59
2844,59
2845,59
2846,59
566,59
565,59
567,59
572,59
573,59
575,59
2847,59
2640,59
2641,59
2642,59
740,59
741,59
742,59
743,59
744,59
745,59
747,59
748,59
749,59
750,59
2700,59
2701,59
2702,59
2703,59
2693,14
2694,14
2695,14
2696,14
2697,74
2699,74
2318,96
1472,59
1474,59
1475,59
1909,59
1907,59
1908,59
120,59
121,59
122,59
124,59
125,59
25,59
57,59
62,59
53,59
40,59
117,59
20,59
1980,28
1104,71
1105,71
1106,71
1621,89
1620,89
2317,65
2302,27
2259,58
2260,58
1737,96
1622,89
1623,89
1473,65
1484,65
2602,65
309,25
1824,38
1841,38
32,43
44,78
45,78
46,78
2055,59
2056,59
2057,59
2107,86
66,59
67,59
68,59
37,59
38,59
39,59
58,59
59,59
60,59
41,59
42,59
43,59
118,59
119,59
1226,53
1219,88
1220,53
1221,53
1224,53
1862,59
1859,59
1860,59
1861,59
2783,59
2784,59
2785,59
2786,59
2788,59
1214,39
1223,39
1237,39
1304,39
609,59
610,59
611,59
612,59
613,59
614,59
616,59
617,59
618,59
619,59
620,59
621,59
624,59
625,59
626,59
627,59
628,59
578,59
579,59
580,59
581,59
629,59
630,59
632,59
633,59
1876,78
1873,78
1874,78
1875,78
1843,59
3028,77
3029,77
735,69
837,69
736,59
838,59
737,59
839,59
734,59
836,59
769,59
770,59
771,59
772,59
773,59
825,59
827,59
821,59
824,59
828,59
829,59
831,59
832,59
841,59
784,59
521,59
449,29
751,59
752,59
753,59
754,59
756,59
757,59
758,59
446,65
448,59
447,85
480,65
481,65
482,96
1054,27
2743,59
1856,59
1854,59
1855,59
2744,59
2745,59
2746,59
2747,59
523,15
525,15
891,14
903,14
904,14
858,59
859,59
860,59
861,59
862,59
863,59
1237,41
1564,96
379,65
1021,96
1022,3
1024,26
2476,44
1510,14
1517,14
1522,14
1533,18
646,59
647,59
648,59
649,59
2979,59
2980,59
2981,59
2982,59
641,59
643,59
644,59
645,59
2711,59
2712,59
2713,59
2714,59
2715,59
2809,59
2983,59
2984,59
2985,59
2986,59
1079,59
2551,59
2552,59
2553,59
2554,59
11,59
12,59
13,59
14,59
2654,59
1298,59
1346,59
1347,59
1348,59
1349,59
1350,59
1255,59
1256,59
1363,59
1364,59
1192,59
1284,59
1285,59
1286,59
1287,59
1352,59
1239,59
1182,59
1321,59
1322,59
1323,59
1324,59
899,59
1424,59
1425,59
1426,59
1415,59
2311,22
2297,1
2308,28
2327,20
2322,34
2303,44
2318,71
2328,27
1779,27
2866,59
2870,59
1559,59
1590,59
1082,59
1080,59
1081,59
1087,59
1085,59
1086,59
1571,59
2540,59
2609,59
2610,59
2611,59
2612,59
2614,59
2615,59
2616,59
2617,59
1583,59
1596,59
1063,59
1066,59
1064,59
1065,59
1586,59
1589,59
2947,59
2973,59
2946,59
2558,59
1567,59
1595,59
2520,59
2521,59
2522,59
2523,59
2524,59
2525,59
1917,59
1915,59
1916,59
1918,59
2543,59
1588,59
2873,59
2872,59
1602,59
1560,59
2871,59
2874,59
1598,59
2528,59
2868,59
2867,59
2537,59
2572,59
1076,59
1077,59
1073,59
1070,59
1071,59
1072,59
2544,59
2920,59
2878,59
2876,59
2623,59
2547,59
2516,90
2810,59
2811,59
2812,59
16,59
18,59
17,59
19,59
1027,65
1028,96
1029,96
1031,39
1900,56
1033,27
1697,59
1698,59
1694,59
1695,59
1671,59
1666,59
1668,59
1669,59
1670,59
2580,53
2638,50
34,69
35,69
1631,72
1632,72
1633,65
907,25
1975,28
1977,28
1978,28
1979,28
2733,59
2734,59
3113,59
1545,43
1546,43
1547,43
2593,59
3115,59
3116,59
3119,59
3088,59
2292,27
2078,56
2079,56
2080,56
2231,22
1969,49
942,91
952,91
956,65
958,55
2626,91
2665,91
2719,91
2750,91
2804,65
2858,65
2898,65
2410,39
2421,39
2432,39
2443,39
2454,39
2465,39
937,65
964,3
971,65
2530,59
2848,59
2655,59
2656,59
2657,59
1258,59
1259,59
1260,59
849,35
873,66
897,31
843,46
854,96
950,59
871,70
844,39
896,42
895,62
850,34
1929,14
1930,38
1814,38
1815,38
1816,38
1817,38
2387,96
2549,65
2566,65
2578,65
9,59
10,59
7,59
8,59
2140,59
2138,59
2298,58
2300,58
622,65
2203,66
2204,22
2206,22
280,94
1039,65
1040,65
1042,65
1043,65
1044,65
1045,65
54,59
55,59
56,59
2139,59
2583,59
2584,59
2585,59
2586,59
2587,59
2829,59
2830,59
2831,59
2833,59
2834,59
884,65
885,96
1434,96
1435,96
1436,96
886,62
693,63
694,63
2162,69
2164,69
1982,49
2145,55
2146,55
2147,55
2148,55
2301,1
1034,27
1035,96
1036,96
1037,39
692,63
1575,55
1576,91
1578,55
1976,49
1585,59
1577,59
2487,44
2499,44
2510,44
2200,29
2211,29
2222,29
2233,29
312,56
2650,59
2852,66
2854,66
2855,66
2796,66
1250,59
1251,59
1252,59
1253,59
1254,59
1327,59
1328,59
1329,59
1330,59
1331,59
1178,59
1179,59
1180,59
1181,59
1196,59
1280,59
1281,59
1282,59
1283,59
1341,59
1342,59
1344,59
1345,59
1300,59
1263,59
1264,59
1265,59
1266,59
1267,59
879,52
1579,91
1580,29
2241,78
807,59
811,59
1829,59
1831,59
1832,59
2506,19
71,91
128,91
2205,22
1490,39
1491,39
1495,39
1499,39
390,91
418,91
506,91
530,65
541,65
552,65
563,65
587,65
2976,91
2995,91
3053,91
3081,91
3117,65
2,65
30,65
760,91
840,91
842,91
857,65
901,65
776,91
320,25
2997,59
2999,59
2485,59
2255,58
2256,58
2257,58
538,59
539,59
984,65
2128,55
2129,55
2132,44
1857,74
2730,59
2628,59
2629,59
2630,59
2498,96
2749,96
652,59
2684,59
2685,59
2686,59
2688,59
1375,59
1376,59
1377,59
1381,59
1203,59
1204,59
1205,59
1206,59
1207,59
1334,59
1335,59
1336,59
1337,59
1338,59
1369,59
1370,59
1371,59
1372,59
1374,59
1292,59
1293,59
1294,59
1296,59
1297,59
1240,59
1241,59
1242,59
1243,59
1642,59
26,59
27,59
1891,64
980,65
994,65
2707,59
1896,59
1956,59
1957,59
141,91
175,91
186,65
216,65
235,65
1819,38
1820,38
2047,59
2048,59
2049,59
2323,63
2324,34
365,59
364,59
430,59
431,59
3,27
2512,90
2515,90
2277,91
2288,55
2299,91
2310,29
2037,59
2038,59
2039,59
1890,59
1887,59
1888,59
1889,59
2532,59
3123,59
3124,59
3125,59
3126,59
3127,59
2312,67
1193,59
1194,59
1209,59
1398,59
1399,59
1400,59
1401,59
887,18
888,16
889,16
2265,55
1904,81
746,59
2676,59
1197,59
1198,59
1200,59
1201,59
893,21
1388,21
1389,21
2059,59
2718,59
1881,30
2653,59
2658,59
2660,59
2661,59
2662,59
268,28
2601,59
2594,33
2595,33
2373,39
2363,39
2364,39
2366,39
2367,39
2368,39
2369,39
2370,39
2371,39
2372,39
1749,66
1746,101
1747,101
1748,66
2542,74
1000,65
1009,65
1019,65
331,25
342,25
353,25
368,65
1987,59
1988,59
1989,59
2451,71
2452,71
2651,59
26,43
27,43
1516,59
1444,97
1462,97
1473,69
1484,69
1913,92
1901,92
1902,92
1904,92
1905,92
1906,92
1910,92
1911,92
898,54
890,50
875,71
878,69
867,31
928,31
929,31
721,59
724,59
3056,59
3057,59
2835,59
1314,59
1315,59
1316,59
1317,59
1225,59
864,63
865,81
866,31
2129,59
2132,59
1237,59
1720,59
1716,59
1717,59
1718,59
1719,59
2556,59
2704,59
2705,59
2706,59
723,59
719,59
725,59
726,59
720,59
297,7
812,59
755,59
1905,66
1906,81
2282,31
2283,31
2192,62
728,59
1839,59
1838,59
1460,27
2675,59
2856,67
1421,16
1422,16
1423,16
1418,16
1394,16
1414,16
923,63
924,63
925,63
926,31
927,31
808,59
809,59
730,14
2596,59
2597,59
2598,59
2599,59
2600,59
1834,59
1835,59
2243,59
1,59
2088,59
2089,59
1701,59
1702,59
815,59
2799,59
2800,59
2801,59
2802,59
2803,59
2806,59
2735,83
2736,74
2737,74
2738,74
1123,65
1124,65
826,59
2961,59
882,76
876,50
944,50
946,50
870,42
892,96
872,28
869,30
930,30
931,30
920,96
921,96
922,96
883,74
1397,74
1396,74
1393,74
874,43
934,43
935,43
852,30
1383,30
1353,30
1354,30
1361,30
2836,59
2837,59
2838,59
2839,59
2818,59
2677,59
2678,59
2155,59
2149,74
2150,59
2151,59
2154,59
2517,59
2849,59
2850,59
2851,59
2916,59
2917,59
2918,59
2813,59
2814,59
2815,59
2709,59
2710,59
1637,59
1638,59
1639,59
1640,59
1641,59
2797,91
2798,66
2819,59
2820,59
2821,59
2822,59
2824,59
1268,59
1269,59
1270,59
1271,59
1186,59
1187,59
1188,59
1202,59
1378,59
1379,59
1380,59
1339,59
1340,59
1244,59
1245,59
1247,59
1248,59
1249,59
1274,59
1275,59
1276,59
1278,59
1279,59
1365,59
1366,59
1367,59
1368,59
1289,59
1290,59
1291,59
1295,59
739,59
814,14
1966,59
1967,59
1636,26
1645,26
1656,39
1975,59
1458,27
1667,59
1636,3
1645,3
1656,3
2014,44
2179,44
2174,41
2117,28
1231,59
881,75
951,69
1107,69
1108,69
1109,69
940,71
941,71
847,62
877,86
947,86
948,86
949,86
894,96
868,31
880,42
853,83
917,83
918,83
919,83
1392,21
1403,18
1404,18
718,97
911,65
2773,59
2774,59
2775,59
2776,59
2780,59
2081,59
2358,5
2359,10
2360,10
2361,13
2351,4
2352,11
2362,9
2357,5
2346,59
2349,12
2347,6
2348,12
2353,11
2355,11
2350,64
2356,5
834,59
835,59
816,59
817,59
818,59
819,59
820,59
823,59
830,59
833,59
65,64
81,64
2191,62
2291,59
2282,65
2283,65
2284,65
2285,65
2286,65
2287,65
2289,65
2290,65
1171,28
1168,71
1169,71
1170,71
2329,39
2230,37
2231,60
2227,27
2228,2
2229,40
2175,41
2176,41
2177,44
2012,59
2013,59
2015,59
21,59
23,59
24,59
1994,59
77,59
80,59
88,59
78,59
136,59
75,59
74,59
82,59
73,59
79,59
90,59
87,59
83,59
76,59
86,59
85,59
84,59
89,59
138,59
91,59
722,59
1183,59
1184,59
1212,59
1213,59
1977,59
1978,59
1979,59
1232,59
1234,59
1235,59
1236,59
2179,74
2180,80
2181,17
1998,59
1999,59
2000,59
2067,59
1078,44
2590,59
2717,59
2877,59
2865,59
1083,59
1075,59
1067,59
2589,59
2604,59
2605,59
2606,59
2608,59
731,59
1877,30
1878,30
1879,30
1953,38
1958,38
1964,38
2533,27
2212,59
2205,27
2207,27
2208,27
2209,27
2210,27
2721,59
2722,59
1301,59
1302,59
1303,59
2790,59
1825,59
1826,59
1827,59
2511,71
2535,71
2060,59
2061,59
2063,59
2064,59
