problem_id,discrimination
0,0.0572937724836458
1,0.0
2,0.0
3,0.1958874458874459
4,0.2329979879275653
5,0.3045244893476828
6,0.131100054525627
7,0.0
8,0.0
9,0.0
10,0.0
11,0.3888888888888889
12,0.4166666666666666
13,0.2074074074074073
14,0.0
15,0.1875
16,0.0047846889952152
17,0.1298076923076923
18,0.0047846889952152
19,-0.1666666666666666
20,0.4047619047619047
21,0.0
22,0.1061940565699964
23,0.0
24,0.0
25,0.2575757575757576
26,0.3315602836879432
27,0.0829166666666667
28,0.1493646138807429
29,0.1121174352582745
30,0.0
31,0.2099568345323741
32,0.1092271462213658
33,0.2153846153846153
34,0.275842044134727
35,0.1933537310895801
36,0.4497297297297297
37,0.6142857142857143
38,0.6666666666666667
39,0.3125
40,0.5454545454545454
41,0.3263157894736841
42,-0.1428571428571428
43,0.0166666666666666
44,-0.0245270360928485
45,0.1680223285486443
46,-0.0119047619047619
47,0.2933631492342096
48,0.4297872340425531
49,0.2609631423190745
50,0.3638373121131741
51,0.1585329784087548
52,0.375
53,0.6818181818181818
54,0.0956937799043062
55,-0.25
56,0.0916666666666666
57,0.9090909090909092
58,0.75
59,0.25
60,0.8695652173913043
61,0.2822966507177033
62,0.2772727272727273
63,0.3692992213570634
64,0.1601153039832285
65,0.0
66,0.4642857142857143
67,0.4166666666666667
68,0.6263736263736264
69,0.1168148013785597
70,0.1518928181959806
71,0.6428571428571428
72,0.0346534653465346
73,0.0
74,0.0
75,0.0
76,0.0
77,0.0
78,0.0
79,0.0
80,0.0
81,0.4791886195995785
82,0.0
83,0.0
84,0.0
85,0.0
86,0.0
87,0.0
88,0.0
89,0.0
90,0.0
91,0.0
92,0.0787823001740527
93,0.234704340890965
94,-0.0424117038569528
95,0.1207070707070706
96,0.0344872126065616
97,0.0929806181246726
98,0.202389486260454
99,0.0589225589225589
100,0.1607581607581607
101,0.1345034246575341
102,0.1429282042778975
103,0.076632174495645
104,0.1884537598823313
105,0.190772078265468
106,0.1140232974910394
107,0.3025036460865338
108,0.3040796963946869
109,0.1523809523809524
110,0.1114942528735633
111,0.1502973921000456
112,0.1672707889125799
113,0.1960453283996299
114,0.2037931034482759
115,0.0
116,0.1353872244205766
117,0.380952380952381
118,-0.25
119,0.2285714285714285
120,0.0
121,0.0
122,0.0
123,0.3680056377730796
124,0.0
125,0.0
126,0.2733234609689021
127,0.3734834139841503
128,-0.0285714285714285
129,0.3025525525525525
130,0.3071965628356605
131,0.4057971014492753
132,0.2483601354210748
133,0.1888052328552447
134,0.223062015503876
135,0.058106169296987
136,0.0
137,0.0619015047879616
138,0.0
139,0.0158514876663558
140,0.1184079601990049
141,0.5714285714285714
142,0.179551929040964
143,0.0888126314119094
144,0.2169632092360527
145,0.1452205882352941
146,0.1604658309402452
147,0.2187510847304661
148,-0.1153846153846154
149,0.0
150,0.0999999999999999
151,0.0073529411764705
152,-0.1454545454545455
153,0.0995654638201398
154,-0.0425531914893616
155,-0.0816326530612244
156,0.3591269841269842
157,0.1724537037037037
158,-0.0385208012326656
159,0.2855046948356808
160,0.2424651372019793
161,0.1702839756592291
162,0.1209947766430186
163,0.2999096657633243
164,0.2323809523809523
165,0.3011412025208653
166,0.0952380952380951
167,0.2775142314990512
168,0.1746741154562383
169,0.233695652173913
170,0.1595394736842105
171,0.1829573934837092
172,0.1664050235478807
173,0.1286676612866766
174,0.3781209018994035
175,0.5714285714285714
176,0.1386933004022502
177,0.1961838133930902
178,0.1931164545025931
179,0.2438911310243138
180,0.1653190821657344
181,0.1598915989159891
182,0.1945482716759312
183,0.150649137607799
184,0.1178969729155602
185,0.293191056910569
186,0.7272727272727273
187,0.1764346764346763
188,0.2249999999999999
189,0.1274891774891774
190,0.0512195121951218
191,-0.0714285714285714
192,0.1904761904761904
193,0.141025641025641
194,-0.0304347826086957
195,-0.059090909090909
196,0.3714285714285715
197,0.1739130434782608
198,0.0641466208476517
199,0.2034805890227576
200,0.2066056439026447
201,0.1047156052503646
202,0.2246800423402618
203,0.304437564499484
204,0.0370934100005637
205,0.294328245713209
206,0.0503795721187025
207,0.2754578754578755
208,0.4135220125786163
209,0.2765151515151516
210,0.1885964912280701
211,0.3069852941176471
212,0.0992555831265508
213,0.1214285714285714
214,0.0984579952138474
215,0.0899329889557902
216,0.625
217,0.1300571391041639
218,0.0659227389299119
219,0.1043294985509791
220,0.1694756554307116
221,0.0430839002267574
222,0.3162393162393162
223,0.1652173913043478
224,0.0845464034921237
225,0.4730769230769231
226,0.1666666666666666
227,0.4821428571428571
228,0.0666666666666666
229,0.257918552036199
230,0.2041008788986544
231,0.041673192669993
232,0.1227617792835184
233,0.1254490106544901
234,0.120818998470948
235,0.6666666666666667
236,0.295362651624819
237,0.0622048443609404
238,0.1619690372289323
239,0.1726707977280467
240,0.1140661623694865
241,0.2954586272204806
242,0.0653806040361459
243,0.1768393299962203
244,0.2775572519083969
245,0.1520300856605613
246,0.1885125184094256
247,0.1710586097228532
248,0.1919934640522875
249,0.2004833512352309
250,0.3948220064724919
251,0.332764073371284
252,0.2197494473102431
253,0.2596894409937888
254,0.2209907945736434
255,0.1442341686596651
256,0.2584021509506433
257,0.1903841782223232
258,0.1454498314752398
259,0.3412191412191412
260,0.0594103194103193
261,0.3443739359232317
262,0.153411809742559
263,0.0648030371225611
264,0.2138357918012277
265,0.0927536231884058
266,0.0997354953711689
267,0.2838788366805608
268,0.0999999999999999
269,0.1698489030532396
270,0.0323155216284987
271,0.25834211272742
272,0.1457547481966779
273,0.2897752851649157
274,0.155224830879427
275,0.09625
276,0.308641975308642
277,0.1739938307200849
278,0.1898674814037499
279,0.131868188760322
280,0.1352607709750566
281,0.1424758091424758
282,0.1420170602767109
283,0.1003485073618802
284,0.3432235168072854
285,0.03725938631599
286,0.1218552183087161
287,0.3293807641633728
288,0.1968389442073652
289,0.115301724137931
290,0.3656660221837793
291,0.1390430622009569
292,0.246374184191443
293,0.1625978292376566
294,0.0608352805904825
295,0.1271567960502488
296,0.098767055729081
297,0.4238952536824877
298,0.475
299,0.247673081914933
300,0.1027758007117437
301,0.1145844352762791
302,0.1629575512344985
303,0.333357789190511
304,0.0906891495601173
305,0.0333398641588296
306,0.0924916434445958
307,0.1301703800786369
308,0.3331908679702248
309,0.1452552243919149
310,0.0968497145438863
311,0.0910658307210031
312,0.4973324658425505
313,0.1722431171957274
314,0.1921561088147649
315,0.1428571428571428
316,0.1283273479868507
317,0.1753086419753086
318,0.2044060719411943
319,0.2090545078791009
320,0.1735294117647058
321,0.2602790285672104
322,0.223805570927873
323,0.1917759929878716
324,0.2856253591266041
325,0.1515322217214961
326,0.1179644519678375
327,0.2500254475718944
328,0.1845794663909958
329,0.0720725165503507
330,0.2439613526570048
331,0.4409965034965035
332,-0.028041028041028
333,0.1342937998456393
334,0.0263638339491415
335,0.1971254394161882
336,0.1464216095795043
337,0.0907112308864022
338,0.2383582082079576
339,0.1050133940144597
340,0.091608896012823
341,0.0902121653065466
342,0.0818181818181818
343,0.0095172563553936
344,0.0686283717558777
345,0.0944586884298714
346,-0.0163004551360507
347,0.1291198297500818
348,0.0602101065869181
349,0.1554807692307692
350,0.1189100798066156
351,0.1226002912749901
352,0.1368617756409008
353,0.2313725490196078
354,0.1089369394263871
355,0.2039927938527151
356,0.2695121951219511
357,0.2257226738934056
358,0.2949760765550239
359,0.076805010328453
360,0.0
361,0.1451119773752197
362,0.2267080745341615
363,0.0716850828729281
364,0.0
365,0.3
366,0.0143636440821871
367,0.3466581387911736
368,0.2712885154061625
369,0.1010646126674189
370,0.1186576911483974
371,0.0209751452526019
372,0.1636556678113438
373,0.1961555566536542
374,0.0936999954281534
375,0.1341738176403746
376,0.0899036238842064
377,0.3045390570021111
378,0.1070200803212851
379,0.2423529411764705
380,0.2631731535841125
381,0.3259803921568627
382,0.095297712933754
383,0.0679983415038657
384,0.1046139738772589
385,0.0864226579520697
386,0.1083465159871279
387,0.0921789165937319
388,0.1547163362952836
389,0.3074074074074073
390,0.1999999999999999
391,0.0399912587412587
392,0.0
393,0.0
394,0.0777135231316726
395,0.4116037219485495
396,0.1267730295259061
397,0.2736771149309066
398,0.2414553752535496
399,0.1666666666666666
400,0.1666666666666666
401,0.0563841222311796
402,0.0302889713679745
403,0.0666666666666666
404,-0.25
405,0.0
406,0.238095238095238
407,0.2256234632946961
408,0.1008122833085685
409,-0.7
410,0.0
411,0.0
412,0.0
413,0.2666666666666666
414,-0.25
415,0.0
416,0.0
417,0.0
418,0.3584229390681003
419,0.2181385974885019
420,0.0
421,0.7142857142857143
422,0.0833333333333333
423,-0.5
424,0.1104078337884937
425,0.75
426,-0.1666666666666666
427,0.0
428,-0.1666666666666666
429,0.8
430,0.8571428571428572
431,0.75
432,0.0138907205371058
433,0.0
434,0.0
435,0.0
436,0.0
437,0.0
438,0.0
439,0.0
440,0.0
441,0.0
442,0.0
443,0.1119744464583999
444,0.0
445,0.6
446,0.0
447,0.0
448,0.0
449,0.0
450,0.0892289348171701
451,0.0
452,0.0
453,0.0
454,0.0
455,0.0
456,0.0
457,0.0
458,0.0
459,0.0
460,-0.0358751014984867
461,0.0
462,0.0
463,0.0
464,0.0
465,0.0
466,0.0
467,0.0
468,0.0
469,0.0
470,0.0
471,0.0788439203073349
472,0.0
473,0.0
474,0.0
475,0.0
476,0.0
477,0.0
478,0.0
479,0.0907835096050075
480,0.0
481,0.0
482,0.0
483,0.0
484,0.0
485,0.0
486,0.0
487,0.0
488,-0.0360303476008656
489,0.0
490,0.0
491,0.0
492,0.0
493,0.0
494,0.0
495,0.0
496,0.0
497,0.0
498,0.0
499,0.0714032412496897
500,0.0
501,0.0
502,0.0
503,0.0
504,0.0
505,0.0
506,0.3860294117647058
507,0.1224543946932006
508,0.0
509,0.0
510,0.0964566929133858
511,0.1923076923076923
512,0.0833333333333333
513,0.3809523809523809
514,0.1363636363636363
515,0.4285714285714286
516,0.25
517,-0.0378823415233812
518,0.2142857142857143
519,0.1923076923076923
520,0.0506912442396313
521,0.0
522,0.2096095410645249
523,0.358974358974359
524,0.1409113745045866
525,-0.0999999999999999
526,0.0637560192616372
527,0.1863146240492924
528,0.3120179578680788
529,0.2093226022803487
530,0.3
531,0.3272283272283272
532,0.2195770836200173
533,0.2571428571428571
534,0.1052933673469387
535,0.235982905982906
536,0.3425925925925926
537,0.26183970856102
538,0.0
539,0.0
540,0.2769932207441812
541,0.3625
542,0.1309643475087984
543,0.1687781440544674
544,0.0511573806098092
545,0.2793725746879237
546,0.0816616112282144
547,0.3152764176978545
548,0.1083650454154051
549,0.2137477133540125
550,0.1145290091264667
551,0.1355625638317549
552,0.1779224712295578
553,0.2821287578349115
554,0.0398637947418435
555,0.0758426966292135
556,0.0369458128078817
557,0.2259467455621301
558,0.269811320754717
559,0.1015873015873015
560,0.1759259259259259
561,0.3130991412958626
562,0.398972602739726
563,0.2109402342865378
564,0.0595238095238095
565,-0.1121951219512195
566,0.409090909090909
567,0.5833333333333334
568,-0.1352380952380952
569,0.2294235059293178
570,0.4070918086860913
571,0.1859977028296961
572,0.106060606060606
573,-0.3939393939393939
574,0.1672132253711201
575,0.4143920595533498
576,0.1857142857142857
577,0.2466216216216216
578,0.0
579,0.5714285714285714
580,-0.0833333333333333
581,-0.0416666666666666
582,0.0582763337893296
583,0.3748443337484433
584,0.18913813459268
585,0.1692464512231954
586,0.3149379733434675
587,0.0378282360210071
588,0.1258556547619047
589,0.2007168458781362
590,0.3261630228025268
591,0.292280701754386
592,0.0819419470845106
593,0.0145936981757877
594,0.0857308532940809
595,0.3144171615043064
596,0.2063005296905491
597,0.1276056686166268
598,0.1074454428754814
599,0.1889545768055966
600,0.2346477052359404
601,0.1134871794871794
602,0.3050271739130434
603,-0.0128693769998117
604,0.1538070214992224
605,0.2916666666666667
606,0.0267595818815331
607,0.3694963015146177
608,0.3366917293233082
609,0.0
610,0.0
611,0.0
612,0.0
613,0.0
614,0.0
615,0.0816140988880341
616,0.0
617,0.0
618,0.0
619,0.0
620,0.0
621,0.0
622,0.1569954867827208
623,0.2564648117839607
624,0.0
625,0.0
626,0.0
627,0.0
628,0.0
629,0.0
630,0.0
631,0.3431739431739432
632,0.0
633,0.0
634,0.2807667731629393
635,0.1227593699076589
636,0.1177091451858285
637,0.3676928169480305
638,0.211917437190623
639,0.1559290382819794
640,0.2930057263059483
641,0.0
642,0.2870836120401338
643,0.0
644,0.0
645,0.0
646,0.0
647,0.0
648,0.0
649,0.0
650,0.3812383164334674
651,0.175626826642055
652,0.0
653,0.2248322147651006
654,0.2887813620071684
655,0.0513543326388037
656,0.3020676691729324
657,-0.0254776031818478
658,0.1037433155080214
659,0.3503259814121237
660,0.1406321401370906
661,0.2548279689234184
662,0.1993865030674846
663,0.3211608481473549
664,0.1265320836337418
665,-0.0805860805860805
666,0.1732348111658456
667,0.2494623655913977
668,0.0461309523809523
669,0.2428551414962174
670,0.2416196741854636
671,0.3285782703886152
672,0.0966515712913407
673,0.0858200498602402
674,0.145043117422032
675,0.1986808236808237
676,0.1177287581699346
677,0.150305576776165
678,0.1595317725752508
679,0.2690964417856772
680,0.0916109109624292
681,0.2295813315030885
682,0.2873900293255131
683,0.0954137587238285
684,0.1499505558718648
685,0.2708333333333333
686,0.3413805832410483
687,0.3462121212121212
688,0.1790572664997768
689,0.153763440860215
690,0.0449467598043063
691,0.2087053571428571
692,-0.0650376403801061
693,0.1333333333333334
694,-0.1794871794871795
695,0.3699816758287523
696,0.1057098765432099
697,0.0330749378343757
698,-0.0148007761382609
699,-0.064945652173913
700,0.28639123705203
701,0.1356747303993004
702,0.072463768115942
703,0.1111111111111111
704,0.2495918367346938
705,0.153266698281837
706,0.4
707,0.0606248909059172
708,0.1282755589737955
709,0.1668181818181817
710,0.2030394457481283
711,0.2313245448838669
712,0.283673240699238
713,0.1333303792981213
714,0.1812533975304807
715,0.219017094017094
716,0.0757751616647322
717,0.5333333333333334
718,0.0
719,0.0
720,0.0
721,0.0
722,0.0
723,0.0
724,0.0
725,0.0
726,0.0
727,0.3150470219435736
728,0.0
729,0.0
730,0.0
731,0.0
732,0.0
733,0.8333333333333334
734,0.0
735,0.0
736,0.0
737,0.0
738,0.0
739,0.1666666666666666
740,0.0814814814814814
741,-0.2023809523809523
742,0.0642857142857142
743,0.0988095238095238
744,0.0803880803880803
745,-0.0296296296296296
746,0.0
747,0.496551724137931
748,0.1416666666666666
749,-0.5666666666666667
750,0.0777777777777777
751,0.6000000000000001
752,0.15
753,0.2727272727272727
754,0.4722222222222222
755,0.0
756,-0.6753246753246753
757,0.0821661998132586
758,0.571969696969697
759,0.1051282051282051
760,0.2408199643493761
761,0.2068290561113527
762,0.1514540742873596
763,0.1578947368421052
764,0.0752907077050481
765,0.1918465227817745
766,0.3111111111111111
767,0.078845408756296
768,0.0717800817757009
769,0.0
770,0.0
771,0.0
772,0.0
773,0.0
774,0.2678977652883714
775,0.0873266078184111
776,0.25
777,0.0099028756427347
778,-0.0080091533180778
779,0.2537593984962406
780,0.1556711427206624
781,0.1957845433255269
782,0.0644736842105263
783,-0.0383720930232558
784,0.0
785,0.0912861560851373
786,0.4262780763400854
787,0.3504746835443038
788,0.2068399452804377
789,-0.0428571428571429
790,0.3510344827586206
791,0.1025762855031147
792,0.2092630155510479
793,0.2673469387755103
794,0.1157898107528259
795,0.0218241081888205
796,0.3140060240963855
797,0.086236090953072
798,0.0524570024570024
799,0.2093163944343617
800,0.089790897908979
801,0.234049834950706
802,0.1471746575342465
803,0.1710134128166914
804,0.1137368845843422
805,0.0326127819548872
806,0.0471884303602689
807,0.25
808,0.75
809,-0.75
810,0.1285618279569892
811,-0.0909090909090909
812,0.0
813,0.075
814,0.0
815,0.3333333333333333
816,0.0
817,0.0
818,0.0
819,0.0
820,0.0
821,-0.5
822,0.1364563001518108
823,0.0
824,0.0
825,0.0
826,0.0
827,0.0
828,0.0
829,0.0
830,0.0
831,0.0
832,0.0
833,0.0
834,0.0
835,0.0
836,0.0
837,0.0
838,0.0
839,0.0
840,0.208695652173913
841,0.0
842,-0.3095238095238096
843,0.0
844,0.0
845,0.2611348383160464
846,0.0690247659675317
847,0.0
848,0.2201547921967769
849,0.0
850,0.0
851,-0.0545267489711934
852,1.0
853,0.0
854,0.6
855,0.0245450698264917
856,0.0076923076923076
857,-0.009090909090909
858,0.0
859,0.0
860,0.0
861,0.0
862,0.0
863,0.0
864,0.0
865,0.0
866,0.0
867,0.0
868,0.0
869,1.0
870,0.0
871,0.0
872,0.5
873,0.0
874,0.5
875,0.0
876,1.0
877,0.0
878,0.0
879,0.0
880,0.0
881,0.0
882,0.0
883,0.5
884,0.0
885,0.0
886,0.0
887,0.0
888,0.0
889,0.0
890,0.0
891,0.409090909090909
892,0.0833333333333333
893,0.0
894,0.0
895,0.0
896,0.0
897,0.0
898,0.0
899,0.0
900,0.2778325123152709
901,-0.2291666666666666
902,0.1252824858757062
903,0.25
904,0.0666666666666667
905,0.3311688311688312
906,0.1636177662378535
907,0.3836206896551724
908,0.335578947368421
909,0.4934164934164934
910,0.0667676986360684
911,0.0
912,0.1989974937343358
913,0.2196888412017167
914,0.3187177597641857
915,0.4150375939849623
916,-0.0528723404255319
917,0.0
918,0.0
919,0.0
920,0.0
921,0.5
922,0.75
923,0.0
924,0.0
925,0.0
926,0.0
927,0.0
928,0.0
929,0.0
930,0.0
931,0.0
932,0.2068713450292398
933,0.1079314608726373
934,0.75
935,0.1666666666666666
936,0.1270028894142369
937,0.1398467432950191
938,0.3467175572519084
939,0.0853553921568627
940,0.0
941,0.0
942,0.3076923076923076
943,0.3317604355716879
944,0.0
945,0.3142818719741796
946,0.0
947,0.0
948,0.0
949,0.0
950,0.0
951,0.0
952,0.4
953,0.2861707793360554
954,0.1714685314685314
955,0.3112507371032351
956,0.625
957,0.1270861263926771
958,0.0
959,0.1714536836488056
960,0.2571214392803598
961,0.1558890005022601
962,0.4413691451031771
963,0.1172298706716729
964,0.1739130434782608
965,0.36318407960199
966,0.1460084033613445
967,0.1653276955602536
968,0.178591084204733
969,0.3405211141060197
970,0.4397759103641457
971,0.1021959459459459
972,0.2683014354066986
973,0.4221341023792357
974,0.0078797599596268
975,0.1287128712871287
976,0.362568306010929
977,0.4157894736842105
978,0.1627399149523043
979,0.3570714999286428
980,0.21125
981,0.2901196278245459
982,0.1881423531216444
983,0.1916831248628483
984,0.2359517932336285
985,0.156426011264721
986,0.242056206750459
987,0.1553884711779448
988,0.1241860465116279
989,0.2745762711864407
990,0.1577777777777778
991,0.1918032786885246
992,0.2833099579242636
993,0.2956656346749226
994,0.1888111888111888
995,0.2344713134186817
996,0.3157894736842104
997,0.2111935683364254
998,0.1929824561403509
999,0.2524878048780488
1000,0.6799999999999999
1001,0.0968605249613999
1002,0.0638095238095237
1003,0.0080668088130774
1004,0.1283267457180501
1005,0.1904761904761904
1006,0.106060606060606
1007,0.1296296296296296
1008,0.1664399092970521
1009,0.152454780361757
1010,0.0747737833211054
1011,0.1404255319148937
1012,0.1765873015873015
1013,0.063953488372093
1014,0.210434275721364
1015,0.1131578947368421
1016,0.0996204933586337
1017,0.4278100775193798
1018,-0.002265290712308
1019,0.2787878787878787
1020,0.1548345423829872
1021,0.2236210885182028
1022,0.1884596775452233
1023,0.3031358885017421
1024,0.325469387755102
1025,0.1592773053294192
1026,0.0873479634679478
1027,0.2568559014174799
1028,0.3721858248957713
1029,0.3777777777777777
1030,-0.0172692930383162
1031,0.2846798780487805
1032,0.0701754385964912
1033,0.2949152542372881
1034,0.0457285115303983
1035,0.2045518207282912
1036,0.2603263640999489
1037,0.4646962233169129
1038,0.2468944099378882
1039,0.326060606060606
1040,0.1722560975609756
1041,0.1944805194805194
1042,0.2317176870748299
1043,-0.3571428571428571
1044,0.3826086956521739
1045,0.0553359683794466
1046,0.0086585138162808
1047,0.141359561752988
1048,0.0454676891402662
1049,0.1466981132075472
1050,0.0726604467062482
1051,0.415
1052,0.1482593037214886
1053,0.5102897102897103
1054,0.0146520146520146
1055,0.3097451274362818
1056,0.3446209169913096
1057,0.1363205759757483
1058,0.5096170212765957
1059,0.3037569944044764
1060,0.0870836511568777
1061,0.2089693154996066
1062,0.1801644863570124
1063,0.5
1064,0.0
1065,0.0
1066,0.6666666666666667
1067,0.0
1068,0.1598135623694729
1069,0.3750720627233945
1070,0.0
1071,0.0
1072,0.0
1073,0.0
1074,0.2309347068625965
1075,0.0
1076,0.8
1077,0.8571428571428572
1078,0.355119825708061
1079,0.7142857142857143
1080,0.0
1081,0.0
1082,0.0
1083,0.0
1084,0.1965012881243248
1085,0.0
1086,0.0
1087,0.0
1088,0.1977101845522898
1089,0.0639930252833478
1090,0.093559977888336
1091,0.1823698498882146
1092,0.4705603038936372
1093,0.164931468433414
1094,0.1554819110742888
1095,0.3072353389185072
1096,-0.0117858749437696
1097,0.1616766467065868
1098,0.0824194084413426
1099,0.2546744036105738
1100,0.2189125295508274
1101,-0.0014430014430014
1102,0.1126177024482109
1103,0.3163337250293772
1104,0.1342451874366768
1105,0.2240310077519379
1106,0.0562770562770563
1107,0.0
1108,0.0
1109,0.0
1110,0.2429149797570851
1111,0.1962391513982642
1112,0.0476426799007443
1113,0.3834896810506566
1114,0.3553388347086771
1115,0.0839002267573696
1116,0.1822836661546339
1117,0.1135005973715651
1118,0.6797701149425288
1119,0.1064710753578611
1120,0.2101995565410199
1121,0.1184615384615384
1122,0.2704646017699115
1123,0.0
1124,0.0
1125,0.1391065830721003
1126,0.2417582417582418
1127,0.4701612903225806
1128,0.0781573498964803
1129,0.1721698113207547
1130,0.4174855127236079
1131,0.158086658086658
1132,0.3511126810314376
1133,0.1288749016522423
1134,0.5255434782608696
1135,0.2375838926174496
1136,0.3509911141490089
1137,0.1852051351108717
1138,0.296136567834681
1139,0.2418390804597701
1140,0.2454495311638168
1141,0.2578507634687409
1142,0.3166433239962651
1143,0.215927750410509
1144,0.2689345314505776
1145,0.3377906855268381
1146,0.3099365750528541
1147,0.1673827425707125
1148,0.4562305295950156
1149,0.461918312688316
1150,0.358974358974359
1151,0.2293161705551086
1152,0.0616050616050616
1153,0.1813757643723154
1154,0.1197711128650355
1155,0.0172958133150308
1156,0.184551239850779
1157,0.1963066025803186
1158,0.1868964368964369
1159,0.358641130870953
1160,0.4333333333333333
1161,0.3606285489402372
1162,0.1809937888198757
1163,0.0026136042141
1164,0.1643182901095908
1165,0.3476846439282265
1166,0.0710382513661202
1167,0.0905982905982905
1168,0.0
1169,0.0
1170,0.0
1171,0.0
1172,0.0235555555555555
1173,0.0945054945054945
1174,0.1985294117647059
1175,0.4223577235772357
1176,0.1801978691019786
1177,0.1287883117130502
1178,0.0
1179,0.0
1180,0.0
1181,0.0
1182,0.0
1183,0.0
1184,0.0
1185,-0.0335662733417344
1186,0.0
1187,0.0
1188,0.0
1189,0.3642693540998626
1190,0.0130226789510985
1191,0.0471641005395446
1192,0.0
1193,0.0
1194,0.0
1195,0.0165824461561104
1196,0.0
1197,0.0
1198,0.0
1199,0.0653767223688068
1200,0.0
1201,0.0
1202,0.0
1203,0.0
1204,0.0
1205,0.0
1206,0.0
1207,0.0
1208,0.0408653846153846
1209,0.0
1210,0.0736291126620139
1211,0.2027745664739884
1212,0.0
1213,0.0
1214,0.1367201014877176
1215,0.1417344173441734
1216,0.1279720279720279
1217,0.1633609808871258
1218,0.3969221835075493
1219,-0.3157894736842105
1220,0.261904761904762
1221,0.3984962406015038
1222,0.1390805589097809
1223,0.0486277008016138
1224,0.2592592592592592
1225,0.0
1226,0.5757575757575758
1227,0.2026342451874367
1228,0.1644555694618272
1229,0.0707159624413145
1230,0.2898729710656316
1231,0.0
1232,0.0
1233,-0.0032327586206896
1234,0.0
1235,0.0
1236,0.0
1237,0.1657586763518966
1238,0.2228767123287671
1239,0.0
1240,0.0
1241,0.0
1242,0.0
1243,0.0
1244,0.0
1245,0.0
1246,0.2523780854906682
1247,0.0
1248,0.0
1249,0.0
1250,0.0
1251,0.0
1252,0.0
1253,0.0
1254,0.0
1255,0.0
1256,0.0
1257,0.1844736842105263
1258,0.0
1259,0.0
1260,0.0
1261,0.3004314063848144
1262,0.1717542867910307
1263,0.0
1264,0.0
1265,0.0
1266,0.0
1267,0.0
1268,0.0
1269,0.0
1270,0.0
1271,0.0
1272,0.0884686688913607
1273,0.2616279069767442
1274,0.0
1275,0.0
1276,0.0
1277,0.116078431372549
1278,0.0
1279,0.0
1280,0.0
1281,0.0
1282,0.0
1283,0.0
1284,0.0
1285,0.0
1286,0.0
1287,0.0
1288,0.0532818532818532
1289,0.0
1290,0.0
1291,0.0
1292,0.0
1293,0.0
1294,0.0
1295,0.0
1296,0.0
1297,0.0
1298,0.0
1299,0.0835555555555556
1300,0.0
1301,0.0
1302,0.0
1303,0.0
1304,0.1017115876450914
1305,0.1141199226305609
1306,0.2639492148346141
1307,0.2183462532299741
1308,0.3201663201663201
1309,0.2703619909502263
1310,0.2152981427174975
1311,0.0111545988258316
1312,-0.002391200382592
1313,0.2879939209726443
1314,0.0
1315,0.0
1316,0.0
1317,0.0
1318,0.301258075484529
1319,0.2537780042729179
1320,0.3378787878787879
1321,0.0
1322,0.0
1323,0.0
1324,0.0
1325,0.0224765439736055
1326,0.201367099955177
1327,0.0
1328,0.0
1329,0.0
1330,0.0
1331,0.0
1332,0.0729411764705882
1333,0.264946962391514
1334,0.0
1335,0.0
1336,0.0
1337,0.0
1338,0.0
1339,0.0
1340,0.0
1341,0.0
1342,0.0
1343,0.1969160768452983
1344,0.0
1345,0.0
1346,0.0
1347,0.0
1348,0.0
1349,0.0
1350,0.0
1351,0.327127164401415
1352,0.0
1353,0.0
1354,0.0
1355,0.2926634768740032
1356,0.2471933471933472
1357,0.4396551724137931
1358,0.0006089922048997
1359,0.3751023751023751
1360,0.3400893163861216
1361,0.0
1362,0.4413793103448275
1363,0.0
1364,0.0
1365,0.0
1366,0.0
1367,0.0
1368,0.0
1369,0.0
1370,0.0
1371,0.0
1372,0.0
1373,0.3425925925925926
1374,0.0
1375,0.0
1376,0.0
1377,0.0
1378,0.0
1379,0.0
1380,0.0
1381,0.0
1382,0.3026752928833712
1383,0.0
1384,0.1376720214924063
1385,0.0757561023047748
1386,0.0911856648431394
1387,0.0646908859145952
1388,0.0
1389,0.0
1390,0.1084595959595959
1391,0.0651793525809273
1392,0.0
1393,0.8571428571428572
1394,0.0
1395,0.4366574147501982
1396,0.0
1397,0.0
1398,0.0
1399,0.0
1400,0.0
1401,0.0
1402,0.2460397284385215
1403,0.0
1404,0.0
1405,0.3510101010101009
1406,0.5452222789984671
1407,0.3907766990291262
1408,0.1703767123287671
1409,0.3879551820728291
1410,0.2836438923395444
1411,0.1618753617595987
1412,0.506015037593985
1413,0.4048780487804878
1414,0.0
1415,0.0
1416,0.2259306803594352
1417,0.1366360966253072
1418,0.0
1419,0.3984517304189435
1420,0.3995694651432356
1421,0.0
1422,0.0
1423,0.0
1424,0.0
1425,0.0
1426,0.0
1427,0.096011396011396
1428,0.2491210722918039
1429,0.0309154336581258
1430,0.0466291947982838
1431,0.3148459383753501
1432,0.1615786810592005
1433,0.1613695937090432
1434,0.0
1435,0.0
1436,0.0
1437,0.1899426404822088
1438,0.1647871116225546
1439,0.2707810993249758
1440,0.0998174071819841
1441,0.1669745348990632
1442,0.4400846629762293
1443,0.0860863048772872
1444,0.2020518170752912
1445,0.097062350119904
1446,0.1650085900355587
1447,0.2221137041225455
1448,0.2261955442032069
1449,0.1953848610667518
1450,0.0381812744928311
1451,0.3315911730545877
1452,0.0038864357917016
1453,0.2664697864606997
1454,0.241609173969793
1455,0.0285202535133645
1456,0.2153970220884719
1457,0.0498873873873874
1458,0.0
1459,0.2441958125862379
1460,0.0
1461,0.1388195273766873
1462,0.2398989898989899
1463,0.1405844155844156
1464,0.1636418632788869
1465,0.0581105681709303
1466,0.0070276395024634
1467,0.1054330285099515
1468,0.0682322243966079
1469,0.1009006622516556
1470,0.1498717592163406
1471,0.2694573643410852
1472,0.2318602261048304
1473,0.2894736842105263
1474,0.0111225408255111
1475,0.1189968110868679
1476,0.2160310277957336
1477,0.1204954954954955
1478,0.3172779496243924
1479,0.3121546961325967
1480,0.1670303691580287
1481,0.0052083333333333
1482,0.2255079825834542
1483,0.1765850945494995
1484,0.3289655172413793
1485,0.4475806451612903
1486,0.0604395604395604
1487,-0.0122159975101151
1488,-0.0138674884437596
1489,0.3510436432637571
1490,-0.0833333333333333
1491,-0.0153846153846154
1492,0.2107483899622474
1493,0.3368737012237358
1494,0.3807413376309427
1495,-0.1272727272727273
1496,0.1077441077441077
1497,0.2375438596491228
1498,0.3782051282051282
1499,0.1555555555555555
1500,0.1358815499317441
1501,0.2709486166007905
1502,0.3454106280193236
1503,0.3399999999999999
1504,0.2860772357723578
1505,0.2940379403794038
1506,0.2306008098691025
1507,0.3463202086381274
1508,0.1955352968676952
1509,0.415113099676858
1510,0.2307692307692307
1511,0.1021897810218978
1512,0.1548089591567852
1513,0.3509403218141082
1514,0.1068560265434587
1515,0.1282051282051282
1516,0.3965080259081948
1517,0.4216783216783217
1518,0.1117185764808392
1519,0.0258522549010819
1520,0.218093093093093
1521,0.4108096327775962
1522,0.3771929824561403
1523,0.1253968253968254
1524,0.0987736900780379
1525,0.1568376978213044
1526,0.0974325766569533
1527,0.0887096774193548
1528,0.0356122448979591
1529,0.1645658263305321
1530,0.1424731182795699
1531,0.3645475372279496
1532,0.2965600240698023
1533,0.0698529411764705
1534,0.1864697802197802
1535,0.0702225979149056
1536,0.257420571594371
1537,0.0611618560467665
1538,0.0474264705882353
1539,0.1907437132156233
1540,0.1543327362292879
1541,0.275297619047619
1542,0.3944865775851691
1543,0.5030303030303029
1544,0.2997448979591836
1545,0.1491228070175438
1546,0.3333333333333333
1547,0.053763440860215
1548,0.2391866721854304
1549,0.6363636363636364
1550,0.1242424242424242
1551,0.0384615384615384
1552,0.3066666666666667
1553,0.5
1554,0.1496766245765321
1555,0.1875297477391718
1556,0.0523662411732753
1557,0.1404132973944294
1558,0.0115151515151515
1559,0.0
1560,0.0
1561,0.066860465116279
1562,0.5075862068965518
1563,0.35
1564,0.0278772378516624
1565,0.1285671485282001
1566,0.0726405678163468
1567,0.25
1568,0.0617283950617283
1569,0.089672131147541
1570,0.1469979296066252
1571,0.0
1572,0.167032967032967
1573,0.3205479452054794
1574,0.0504761904761905
1575,0.0827586206896551
1576,0.16
1577,0.0
1578,0.3836477987421383
1579,0.59375
1580,0.2341463414634146
1581,0.1481178396072013
1582,0.2002801120448179
1583,0.5
1584,0.0626185958254269
1585,0.0
1586,0.0
1587,0.1038327526132403
1588,0.5
1589,0.0
1590,0.0833333333333333
1591,0.1263099834528406
1592,0.1304226918798665
1593,0.2225274725274724
1594,0.2249417249417249
1595,0.6666666666666667
1596,0.0
1597,0.0585879438480594
1598,-0.5
1599,0.0598317896305759
1600,0.2112659698025551
1601,0.0125492856234366
1602,-0.1666666666666666
1603,0.0768440101339124
1604,0.0052206250446971
1605,0.134208903687261
1606,-0.0363247863247863
1607,0.0328153095299255
1608,0.1255411255411255
1609,0.147789824854045
1610,0.0722402597402597
1611,0.2697947214076246
1612,0.1180555555555555
1613,0.0331262939958592
1614,0.2167768595041322
1615,0.0712924132672512
1616,0.0042207792207792
1617,0.0983483483483482
1618,0.2578387458006719
1619,0.34181240063593
1620,-0.0421008403361344
1621,-0.0309065934065934
1622,0.0420711974110032
1623,0.2187866927592955
1624,0.1755521846905176
1625,0.2391304347826087
1626,0.2140677966101694
1627,0.3199426111908178
1628,0.1612308826239175
1629,0.1151368760064412
1630,0.1717592592592592
1631,0.2789554531490015
1632,0.064516129032258
1633,0.1655813953488372
1634,0.1271284271284271
1635,0.1219512195121951
1636,0.0416666666666666
1637,0.0
1638,0.0
1639,0.0
1640,0.0
1641,0.0
1642,-0.5625
1643,0.2430555555555555
1644,0.0685714285714285
1645,0.2
1646,0.2222222222222222
1647,-0.2166666666666666
1648,0.3666666666666666
1649,0.3
1650,0.2290969899665552
1651,0.1124946328896521
1652,0.0092063492063492
1653,0.1467751657625075
1654,0.1727234753550543
1655,0.2959252741302288
1656,0.0714285714285714
1657,0.2035348179568751
1658,0.239276852180078
1659,0.2801815860405731
1660,0.2401433691756272
1661,0.2099039172209904
1662,0.1188312239870891
1663,0.0447245564892623
1664,0.3219418840806124
1665,0.1550387596899224
1666,-0.4193548387096774
1667,0.0726387967263879
1668,0.0952380952380952
1669,-0.0238095238095237
1670,0.0857142857142856
1671,0.1363636363636363
1672,0.3222222222222222
1673,-0.0277777777777777
1674,0.2549019607843137
1675,-0.0717948717948718
1676,0.4166666666666666
1677,0.1875
1678,0.0367887780354903
1679,-0.0043859649122807
1680,-0.0326086956521739
1681,0.1578947368421052
1682,0.0358988175683016
1683,0.14112224910704
1684,0.2507410005203973
1685,0.1781126482213438
1686,0.0739178283198826
1687,0.1829561409771304
1688,0.1507530548451264
1689,0.2716682199440821
1690,0.1611729715114421
1691,0.1490282766878511
1692,0.0999999999999999
1693,-0.2181818181818182
1694,0.3333333333333333
1695,-0.1228070175438596
1696,0.6923076923076923
1697,0.45
1698,0.0
1699,0.0974382859804378
1700,0.4499999999999999
1701,0.7142857142857143
1702,0.0
1703,0.8666666666666667
1704,0.2433084686265906
1705,0.0761397163795564
1706,0.2401579986833442
1707,0.2313978494623656
1708,0.1150793650793651
1709,0.0789175032736796
1710,0.1444171175602558
1711,0.261995349820334
1712,0.0829598301543438
1713,0.1727799227799227
1714,0.0142450142450142
1715,0.3195205797640063
1716,0.25
1717,-0.4
1718,0.0
1719,0.0
1720,0.3333333333333333
1721,0.045300210598702
1722,-0.0162601626016259
1723,0.0
1724,-0.7777777777777778
1725,0.2777777777777778
1726,0.1721069661210506
1727,0.1054763117677025
1728,0.2325741890959282
1729,-0.0107596577651024
1730,-0.206060606060606
1731,0.1623376623376624
1732,0.052076002814919
1733,0.3649193548387097
1734,0.4090909090909091
1735,0.182074074074074
1736,0.1146885311468853
1737,0.101010101010101
1738,0.0865121806298277
1739,0.0275610212872214
1740,0.1743663837216302
1741,0.3261881023595879
1742,0.3278368603860063
1743,0.1785714285714286
1744,0.4961067853170188
1745,0.1236673773987207
1746,0.0
1747,0.0
1748,0.0
1749,0.0
1750,0.1991613785680651
1751,0.2377880184331797
1752,0.3212396069538926
1753,0.1987499999999999
1754,0.1142857142857142
1755,0.148829431438127
1756,0.2466246624662466
1757,0.053030303030303
1758,0.2700996677740863
1759,0.3212493599590373
1760,0.5827505827505827
1761,0.192350332594235
1762,0.1713271943904705
1763,-0.0674796747967479
1764,0.1361882968290291
1765,0.4882438316400581
1766,0.3710485095880008
1767,0.1674641148325358
1768,0.0938927738927739
1769,0.1895669291338582
1770,0.0705067174441976
1771,0.1609279609279609
1772,0.1364762341101283
1773,0.4167806657546739
1774,0.2556030691778121
1775,0.1905675313603702
1776,0.2094732780243102
1777,0.239913336543091
1778,0.1284366343490304
1779,0.3493746025015899
1780,0.1572921182045111
1781,0.1915793714746172
1782,0.0467625899280575
1783,0.2242030257105634
1784,0.3395792241946088
1785,0.1522899020096329
1786,0.3088768115942029
1787,0.3325824134564842
1788,0.2610693400167084
1789,0.2459158177974246
1790,0.1182403965303593
1791,0.2599587912087912
1792,0.1107562026444807
1793,0.2035495598928435
1794,0.0193570797019072
1795,0.0222453787604204
1796,0.1035147392290249
1797,0.1899240855762595
1798,0.2330369357045143
1799,0.180412539814128
1800,0.176510989010989
1801,0.1608187134502924
1802,-0.0435413642960812
1803,0.2063829787234042
1804,-0.0102657004830917
1805,0.0005354752342703
1806,0.1568111455108358
1807,-0.0589285714285714
1808,0.4197478991596639
1809,0.2748917748917749
1810,0.0172413793103448
1811,0.2140291806958473
1812,0.2652173913043478
1813,0.2803030303030303
1814,0.625
1815,0.0540935672514619
1816,0.2596491228070175
1817,0.3504471964224286
1818,0.0554090796737249
1819,0.1269181069294136
1820,0.0772130168681893
1821,0.1744490358126721
1822,0.250099840255591
1823,0.3760869565217392
1824,0.0179738562091503
1825,0.1115384615384615
1826,0.2434972677595628
1827,0.2333333333333334
1828,0.3502136752136752
1829,0.3128205128205129
1830,0.1363636363636363
1831,0.3537137681159419
1832,0.2706043956043956
1833,0.3799586776859504
1834,0.1704182913860333
1835,0.065132626723049
1836,0.4221879815100154
1837,-0.05
1838,0.0
1839,0.0
1840,0.0277777777777777
1841,0.4210526315789473
1842,0.0
1843,0.0
1844,0.0219512195121951
1845,-0.1153846153846153
1846,0.3333333333333333
1847,0.0584717132044838
1848,-0.1999999999999999
1849,-0.0636363636363636
1850,0.4444444444444444
1851,0.5
1852,0.0
1853,0.5
1854,0.6666666666666667
1855,0.2222222222222222
1856,0.6153846153846154
1857,0.0
1858,0.0976129582267689
1859,0.8333333333333334
1860,0.25
1861,0.1333333333333333
1862,0.25
1863,0.3692307692307692
1864,-0.0267857142857142
1865,0.1166666666666666
1866,0.7142857142857143
1867,-0.1666666666666666
1868,0.2142857142857143
1869,0.1481028151774785
1870,0.0
1871,-0.7222222222222222
1872,0.5454545454545454
1873,0.1666666666666666
1874,0.5
1875,0.6666666666666667
1876,0.0
1877,0.0
1878,0.0
1879,0.0
1880,0.2272445820433436
1881,0.0
1882,0.1826086956521739
1883,0.5454545454545454
1884,0.5454545454545454
1885,0.8
1886,0.1779564903598309
1887,0.0
1888,0.0
1889,0.0
1890,0.0
1891,0.4449312277126847
1892,0.0891514500537057
1893,0.0860215053763441
1894,0.1805555555555555
1895,0.0761837787154242
1896,0.0
1897,0.1947971122728404
1898,0.1675994108983799
1899,0.117224880382775
1900,-0.0294117647058823
1901,0.205128205128205
1902,0.2878787878787878
1903,-0.0160965794768611
1904,0.9230769230769232
1905,0.75
1906,0.1666666666666666
1907,0.0
1908,0.0357142857142857
1909,0.0
1910,0.2744186046511627
1911,0.0285714285714285
1912,0.1390560658853341
1913,0.0817881635763271
1914,0.1675675675675675
1915,0.0
1916,0.0
1917,0.0
1918,0.0
1919,0.0549450549450549
1920,0.0138888888888888
1921,0.2972063770659646
1922,0.1903702300918474
1923,0.2901119402985075
1924,0.1696428571428571
1925,0.1710526315789473
1926,0.183938613257985
1927,0.242905857995372
1928,0.3359173126614987
1929,0.0671785769408859
1930,0.0539148351648351
1931,0.0736353077816492
1932,0.0909223754968435
1933,0.0926161007087696
1934,0.1410975195378865
1935,0.4047272727272727
1936,0.3406593406593406
1937,0.0253549695740365
1938,0.1992220061128091
1939,0.2887667887667888
1940,0.3132175448925522
1941,0.1848352713178294
1942,0.2944199141525254
1943,0.0053475935828876
1944,-0.1794871794871794
1945,-0.3888888888888889
1946,-0.25
1947,0.2891983382058778
1948,0.2165538781884435
1949,0.6
1950,0.3374878825647417
1951,0.1865671641791044
1952,0.2629685157421288
1953,0.2425083240843507
1954,0.4206521739130434
1955,0.114045864045864
1956,-0.6666666666666667
1957,0.5
1958,0.152906802517231
1959,0.2569875776397516
1960,0.2599099753158124
1961,0.1285167084929335
1962,0.3280289330922242
1963,0.3666666666666667
1964,0.0607760635811126
1965,0.1704441074060624
1966,0.1269414575866188
1967,0.3075060532687651
1968,0.406
1969,0.2971628344762673
1970,0.0970012239902081
1971,0.2225
1972,0.086492580357611
1973,0.1412280701754386
1974,0.2613304093567252
1975,-0.1282051282051282
1976,0.0988187123493976
1977,0.15
1978,0.1428571428571428
1979,0.4
1980,0.1636363636363636
1981,0.4016462642465175
1982,0.2888484848484848
1983,0.1216665896381198
1984,0.2325608253772713
1985,0.1322773572563312
1986,0.1068702290076335
1987,0.0203113417346182
1988,0.1973973297279026
1989,0.1135283820955238
1990,0.2321880650994575
1991,0.3251748251748252
1992,0.242094861660079
1993,0.2858108108108108
1994,0.318711745846692
1995,0.1369695112609161
1996,0.1669688938485144
1997,0.3573015873015872
1998,0.0347302815387921
1999,0.069749139203148
2000,0.0976744186046512
2001,0.4182539682539682
2002,0.2732203389830508
2003,0.0197083169097359
2004,0.2371995820271683
2005,0.2016779949022939
2006,0.0522727272727272
2007,0.4137374239224941
2008,0.448611111111111
2009,0.2343095124409782
2010,0.1332315327352548
2011,0.205199828104856
2012,0.0240337703109753
2013,0.1481481481481481
2014,0.2747492973385614
2015,0.0974711955708514
2016,0.1751720183486238
2017,0.1607499002792182
2018,0.1290909090909091
2019,0.2793103448275862
2020,0.1647058823529412
2021,0.1613975699691712
2022,0.369897269532306
2023,0.1908950182943991
2024,0.1390625
2025,0.157852777039596
2026,0.1101313016696385
2027,0.1228182205193699
2028,0.2002612915266891
2029,0.2558201058201058
2030,0.1362254766510086
2031,0.1798941798941798
2032,0.1479322733526983
2033,0.2206872533085674
2034,0.035328522239517
2035,0.1337458954281384
2036,0.2585507246376811
2037,0.1438356164383561
2038,-0.0044823013951343
2039,0.30323062160145
2040,0.225944510035419
2041,0.1538461538461538
2042,0.2560606060606061
2043,0.2366161616161616
2044,0.5365517241379311
2045,0.3928571428571429
2046,0.3021645021645021
2047,0.0999869134862472
2048,0.1226000495382328
2049,0.2220029379113917
2050,0.2276923076923077
2051,0.218947863951983
2052,0.0480054274084124
2053,0.2064834390415785
2054,0.2009214743589743
2055,0.2836003051106026
2056,0.1561044460127028
2057,0.1391304347826086
2058,0.1208863536638876
2059,0.1402693237722004
2060,0.0252587991718426
2061,0.0195571095571095
2062,0.0219014873868086
2063,0.1370922882427307
2064,0.2282009393506228
2065,0.1300309597523219
2066,0.0490474070255196
2067,0.3499625468164794
2068,0.3490196078431373
2069,0.1957882998799108
2070,0.4337899543378995
2071,0.2139983909895414
2072,0.2547619047619047
2073,0.176231884057971
2074,0.2536231884057972
2075,0.268305171530978
2076,0.0228099173553719
2077,0.1527272727272727
2078,0.1114580622777344
2079,0.0473242501165621
2080,0.1767885532591414
2081,0.2845464394760169
2082,0.2477956825782913
2083,0.1190421367718166
2084,0.2290780141843971
2085,0.0872526069376462
2086,0.2785714285714286
2087,0.3917184265010352
2088,0.396256598944169
2089,0.2352424840904103
2090,0.0164158686730506
2091,0.0608089869799936
2092,0.1516659295297066
2093,0.3689961302071477
2094,0.1277754503560956
2095,0.2377030427819721
2096,0.2044710634445296
2097,0.0726744186046511
2098,0.2428658166363084
2099,0.3892307692307692
2100,0.3939393939393939
2101,0.2053273781575735
2102,0.34125
2103,0.3410526315789474
2104,0.4499999999999999
2105,0.4210526315789473
2106,0.5033333333333334
2107,0.3482884976316025
2108,0.170940170940171
2109,0.1981424148606811
2110,0.4945054945054946
2111,0.4878048780487805
2112,0.2731707317073171
2113,0.4046511627906977
2114,0.5698590001831166
2115,0.2039452952669061
2116,0.3587344028520499
2117,0.0986290936785986
2118,0.2431813100827184
2119,-0.0355165989840912
2120,0.0125786163522012
2121,0.1453093561368209
2122,0.0894145950280673
2123,0.0693109793498262
2124,0.1657509157509157
2125,0.2012367676344199
2126,0.2297297297297297
2127,0.099468085106383
2128,0.0676923076923077
2129,0.0979401476875242
2130,0.0849358974358974
2131,0.351063829787234
2132,0.1597089694656488
2133,0.0846560846560846
2134,0.2092382599782177
2135,0.2107881644409531
2136,-0.0300374385942132
2137,0.0606334841628959
2138,0.0
2139,0.0
2140,0.6666666666666667
2141,0.3309628347040999
2142,0.1161943319838056
2143,0.0441316793893129
2144,0.0888888888888889
2145,-0.2527472527472527
2146,-0.1583333333333333
2147,0.1371158392434988
2148,0.0285714285714285
2149,0.0
2150,0.375
2151,0.0833333333333333
2152,0.3474230626622172
2153,0.1005291005291005
2154,-0.4
2155,-0.7142857142857143
2156,0.0999999999999999
2157,-0.0019607843137254
2158,0.1458333333333333
2159,0.2333333333333333
2160,0.1214574898785425
2161,0.1749622926093514
2162,0.0853658536585365
2163,0.0698005698005698
2164,0.1937499999999999
2165,0.3786149162861491
2166,0.1050510002587463
2167,0.1993840074384008
2168,0.243006993006993
2169,0.0791491466732624
2170,0.0711884623725873
2171,0.1095238095238095
2172,0.2060123784261716
2173,0.0802941176470588
2174,0.1520127118644068
2175,-0.5
2176,-0.213032581453634
2177,0.3233830845771144
2178,0.1071556350626117
2179,0.0
2180,0.0
2181,0.0
2182,0.2358233906733323
2183,0.165079365079365
2184,0.1796378784129341
2185,0.0123362894978986
2186,0.1627537295182196
2187,0.3404166666666666
2188,0.2333333333333333
2189,0.1676270969394289
2190,0.2254641909814323
2191,0.0
2192,0.0
2193,0.225779746481599
2194,0.1634798206278027
2195,0.3191614420062695
2196,0.0971233329659428
2197,0.0919117647058823
2198,0.1468710089399744
2199,0.0679653679653679
2200,0.0484330484330484
2201,0.2493542353255544
2202,0.2722112475306944
2203,-0.0397074190177638
2204,0.0742009132420091
2205,0.3571428571428571
2206,0.5
2207,0.3444817063959636
2208,0.0760040597361171
2209,0.1213952713952714
2210,0.1752077434160605
2211,0.7142857142857143
2212,0.0903558052434457
2213,0.0833333333333333
2214,0.0304303278688524
2215,0.4113137173642768
2216,0.227661832331093
2217,0.1017038007863696
2218,0.3691951025139462
2219,0.1988425925925925
2220,0.1423992673992673
2221,0.107078853046595
2222,0.7407407407407407
2223,0.3755813953488372
2224,0.2228796844181459
2225,0.0170542635658914
2226,0.111247243322715
2227,0.3103913630229419
2228,0.1980263157894737
2229,0.0113122171945701
2230,0.1815556411243743
2231,-0.4166666666666666
2232,0.1587719298245614
2233,0.5574712643678161
2234,0.3119567770730561
2235,0.1623260300399613
2236,0.3783343339909083
2237,0.2621221343071617
2238,0.162887959498129
2239,-0.3333333333333333
2240,0.7333333333333334
2241,0.0
2242,0.0720945720945721
2243,0.0
2244,0.1281548640039206
2245,0.1473301649426894
2246,0.2615708274894811
2247,0.2253061224489796
2248,-0.0741758241758241
2249,0.231578947368421
2250,-0.1118881118881119
2251,-0.0368421052631578
2252,0.1529411764705882
2253,0.4833112290008841
2254,0.2189060125895376
2255,0.3693398799781778
2256,0.3029689608636977
2257,0.3712241653418123
2258,0.1076929516156035
2259,0.0196078431372548
2260,0.4757481940144479
2261,0.2941176470588235
2262,0.396358543417367
2263,0.3506493506493506
2264,0.1596491228070175
2265,0.2188222494220046
2266,0.3025210084033614
2267,0.1820652173913043
2268,0.2045574986751457
2269,0.0202761000862812
2270,0.2603157020216007
2271,0.1915147119767923
2272,0.2807477288609363
2273,0.2104890148830616
2274,0.0045103651661028
2275,0.1347758507853403
2276,0.0506211180124223
2277,0.1325465354943732
2278,0.1523809523809523
2279,0.0545243100594892
2280,0.1004709576138147
2281,0.3344793168459576
2282,0.0
2283,0.0
2284,0.3287790697674418
2285,0.0944293478260869
2286,0.0141322781232334
2287,0.3559937727036845
2288,0.172077922077922
2289,0.0516129032258064
2290,0.0757763975155279
2291,0.0793036750483559
2292,0.0
2293,0.1100224535619514
2294,0.2448775612193902
2295,0.0956718303304301
2296,0.1685319289005924
2297,0.2916666666666667
2298,0.0
2299,0.25
2300,0.0
2301,0.0
2302,0.0230607966457023
2303,0.3716312056737589
2304,0.1409897292250233
2305,0.009090909090909
2306,0.3245798319327732
2307,0.0755708590068865
2308,0.1275946275946275
2309,-0.0104761904761904
2310,0.2678571428571429
2311,0.1865671641791044
2312,0.0
2313,0.1951219512195122
2314,0.1909090909090908
2315,0.2572736188296829
2316,0.327689594356261
2317,0.2623164843826977
2318,0.1568665628245067
2319,0.1299126637554585
2320,0.2056776556776557
2321,0.3633333333333333
2322,0.2022524986325891
2323,0.2345250255362615
2324,0.1288168518181266
2325,0.2654403567447045
2326,0.402667027075731
2327,0.083596703228605
2328,0.1712097319216039
2329,0.0840959110390362
2330,0.018098510882016
2331,0.1818753933291378
2332,0.4766081871345029
2333,0.0404387953367875
2334,0.4541666666666666
2335,0.1467630421118793
2336,0.0150382186773014
2337,0.1489095865515674
2338,0.2980928965379759
2339,0.3438033458518266
2340,0.1471967835604199
2341,0.0633360633360633
2342,0.3178733031674208
2343,0.2027972027972028
2344,0.3753633720930233
2345,0.251111111111111
2346,0.1891891891891892
2347,0.0
2348,0.0
2349,0.0
2350,0.0
2351,0.0
2352,0.0
2353,0.2096966980427312
2354,-0.0116959064327485
2355,0.0533467312566552
2356,0.1911739721372748
2357,0.3898788310762651
2358,0.5660815454629888
2359,0.5797839506172839
2360,0.4444444444444444
2361,0.2707909987205539
2362,0.3158938377059182
2363,0.0
2364,0.0
2365,0.0972222222222222
2366,0.0
2367,0.0
2368,0.0
2369,0.0
2370,0.0
2371,0.142999653018737
2372,0.2625599147878573
2373,0.2128735632183907
2374,0.034154535274356
2375,0.1613508442776735
2376,-0.0181818181818181
2377,-0.0224697469746974
2378,0.0579591836734694
2379,0.1762609649122807
2380,0.11864406779661
2381,0.2179035752979414
2382,0.1445121951219512
2383,0.0823847192745514
2384,0.1862745098039215
2385,0.1270978161645952
2386,0.0783113116339026
2387,0.6832298136645962
2388,0.0397667020148462
2389,0.0443797320908561
2390,0.220175051485731
2391,0.0410343250735945
2392,0.0831868012590904
2393,0.2201402011581834
2394,0.2479861910241657
2395,0.0585336717933403
2396,0.0565488565488565
2397,0.1136363636363636
2398,0.0686274509803922
2399,0.5188356164383562
2400,0.1990942028985508
2401,0.1018867924528302
2402,0.0885093167701863
2403,0.0459077690070627
2404,0.0088790233074361
2405,-0.0093896713615023
2406,0.0952380952380952
2407,0.1335969030557615
2408,0.1448948948948949
2409,0.1339137645107794
2410,0.0242857142857143
2411,0.0666945957268537
2412,0.0745676071366535
2413,0.2110612712349685
2414,0.088095238095238
2415,0.188542887437915
2416,0.2799999999999999
2417,0.0766178266178266
2418,0.138527710485984
2419,0.3323636363636364
2420,0.3188428217821782
2421,0.267402376910017
2422,0.4367578729994837
2423,-0.0219037823180139
2424,-0.02048936774927
2425,0.1094078272340841
2426,0.3642327878974992
2427,0.266389694141721
2428,0.0910027472527472
2429,0.0133333333333333
2430,0.1068289384719405
2431,0.2957961783439491
2432,0.2623141941125036
2433,0.0433884297520661
2434,0.0846372688477951
2435,0.1235431235431235
2436,0.2555762735716296
2437,0.1450867321924684
2438,0.2207705192629816
2439,0.0135581170974458
2440,0.0719227009549589
2441,0.1694803045349221
2442,0.2225698790154359
2443,0.0709290709290709
2444,0.2942583732057416
2445,0.1553735418217919
2446,0.1162011173184357
2447,0.1252333928052778
2448,0.0932634126663977
2449,0.0110194449320304
2450,0.0212124091405767
2451,0.0
2452,0.0
2453,0.1887700534759358
2454,0.1680546302465023
2455,0.1241489787745294
2456,0.1033898305084746
2457,0.1756792058516197
2458,0.2513230613002129
2459,0.0147281566002625
2460,0.1167582417582417
2461,0.1591445814746785
2462,0.2172448979591836
2463,0.0021399422713247
2464,0.0339297302308334
2465,0.1362268740797644
2466,0.0025
2467,0.0750838234485791
2468,0.1076068981809591
2469,0.0985768830267268
2470,0.0141935483870968
2471,0.1615337043908472
2472,0.0681022408963585
2473,0.049899989472576
2474,0.141290691033695
2475,0.0817713214620431
2476,0.2578710644677661
2477,0.2273186502323701
2478,0.1689829605963791
2479,0.1549295774647887
2480,0.0935259497057249
2481,0.2957074721780604
2482,0.2006367513666126
2483,0.2088588588588588
2484,0.2418181818181818
2485,0.2614420062695924
2486,0.3300106326422115
2487,0.0
2488,0.1393956273499512
2489,0.2627140301558906
2490,0.1111337414786682
2491,0.2862654320987653
2492,0.1290721178226803
2493,0.2203268234356317
2494,0.1262147087574032
2495,0.2563914073348036
2496,0.1757830404889228
2497,0.4024630541871921
2498,0.2333333333333333
2499,0.0
2500,0.0274602182587375
2501,0.0453681064928008
2502,0.2180071833807613
2503,0.1159253152789714
2504,-0.0063357185450208
2505,0.1958656330749354
2506,0.3333333333333333
2507,0.0203550295857988
2508,0.2522015022015022
2509,0.171355948773096
2510,0.0
2511,0.1313780634793089
2512,0.2320954907161803
2513,0.1043294055342248
2514,0.0694444444444444
2515,0.1923772279757108
2516,0.0442183487666329
2517,0.4166666666666667
2518,0.2699501936912008
2519,0.1022272986864649
2520,0.0
2521,0.0
2522,0.0
2523,0.0
2524,0.0
2525,0.0
2526,-0.0347826086956521
2527,0.3330441286462229
2528,0.25
2529,-0.1451968503937007
2530,0.0
2531,0.0883018867924528
2532,0.0
2533,0.1415384615384615
2534,0.3505514705882353
2535,0.1510305614783227
2536,0.2157703081232492
2537,0.0
2538,0.0484476265254248
2539,0.0921929700154513
2540,0.0
2541,-0.0175162226775956
2542,0.0683159834285915
2543,0.6666666666666667
2544,0.0
2545,-0.0342271637235666
2546,0.1153846153846153
2547,0.5
2548,0.0708627415944489
2549,0.1695548759768942
2550,0.1468735250056434
2551,0.0
2552,0.0
2553,0.0
2554,0.0
2555,0.1174101142473118
2556,0.0
2557,0.0920297119941669
2558,-0.5
2559,0.0204099165679005
2560,0.081513725370352
2561,0.2997735208929232
2562,0.2736016189381439
2563,0.2455014103686412
2564,0.2096497994446158
2565,0.2666104078762307
2566,0.0919377652050918
2567,0.1481410717791009
2568,0.2233560371517027
2569,0.1527672327672327
2570,0.2451530612244898
2571,0.2475
2572,0.0
2573,0.144927536231884
2574,0.3125
2575,-0.0044879446168536
2576,0.3752860411899313
2577,0.2242672119972734
2578,0.1357065553494125
2579,0.0271517996870109
2580,0.049900372520142
2581,0.286936936936937
2582,0.4536483253588517
2583,0.0
2584,-0.125
2585,-0.075
2586,-0.0595238095238095
2587,0.1875
2588,0.2450110864745011
2589,0.0
2590,0.0
2591,0.052930372349307
2592,0.0676728334956183
2593,0.0
2594,0.1752808988764045
2595,0.1383219954648526
2596,0.0
2597,-0.6666666666666667
2598,-0.7142857142857143
2599,0.1666666666666666
2600,-0.3333333333333333
2601,0.0941586748038361
2602,0.2414141414141414
2603,0.1930226353003958
2604,0.0
2605,0.0
2606,0.0
2607,0.2261594580510682
2608,0.0
2609,0.0
2610,-0.3
2611,0.1666666666666666
2612,-0.25
2613,0.3074388763655279
2614,1.0
2615,0.0
2616,0.0
2617,0.0
2618,0.3533026113671274
2619,0.0547952253550113
2620,0.2738045738045737
2621,0.3148212426240888
2622,0.2412280701754385
2623,0.0833333333333333
2624,0.1206636500754147
2625,0.0613636363636363
2626,0.5
2627,0.119724375538329
2628,0.0
2629,0.0
2630,0.0
2631,0.0
2632,0.1393802367336082
2633,0.1320836965998256
2634,0.0
2635,0.185575296108291
2636,0.0713551701991008
2637,0.1283677107206519
2638,0.1515151515151516
2639,0.3333333333333333
2640,0.7083333333333334
2641,0.6111111111111112
2642,0.2142857142857143
2643,0.8
2644,0.3333333333333333
2645,0.1833976833976834
2646,0.6
2647,0.2960336538461539
2648,0.5176470588235295
2649,0.3156768325307652
2650,0.063475724824155
2651,0.056910569105691
2652,0.1495098039215686
2653,0.0
2654,0.0
2655,0.0
2656,0.0
2657,0.0
2658,0.25
2659,0.5694950546590317
2660,0.75
2661,0.6666666666666667
2662,0.75
2663,-0.1818181818181818
2664,0.355
2665,0.4
2666,0.1551395750252961
2667,0.3154761904761904
2668,0.1494055649425212
2669,0.1070458404074703
2670,0.5857142857142856
2671,0.0747741409952606
2672,0.1061166429587482
2673,0.4166666666666666
2674,0.0
2675,0.0
2676,0.0
2677,0.0
2678,0.0
2679,0.1710239651416121
2680,0.0
2681,0.6666666666666667
2682,0.5
2683,0.1166666666666666
2684,0.1111111111111111
2685,0.3666666666666667
2686,0.25
2687,0.0895833333333332
2688,0.4666666666666666
2689,0.6756756756756757
2690,0.2032667876588021
2691,0.1428571428571428
2692,0.054006968641115
2693,0.7714285714285715
2694,-0.3333333333333333
2695,-0.3333333333333333
2696,-0.4285714285714286
2697,0.2857142857142857
2698,0.1017524644030668
2699,0.2820512820512821
2700,0.5698924731182795
2701,-0.4358974358974358
2702,-0.025
2703,-0.0666666666666666
2704,0.0
2705,0.0
2706,0.0
2707,1.0
2708,-0.035081053698075
2709,0.0
2710,0.0
2711,0.4285714285714285
2712,-0.0789473684210526
2713,-0.1111111111111111
2714,-0.5555555555555556
2715,-0.1666666666666666
2716,0.375
2717,0.0
2718,0.0
2719,0.4
2720,0.1147407104940791
2721,0.0
2722,0.0
2723,0.3372627947096032
2724,0.4020959735245449
2725,0.1186440677966101
2726,0.3341278572301674
2727,0.1227621483375959
2728,0.0580366774541531
2729,0.2673316215682402
2730,0.0
2731,-0.0980392156862745
2732,0.342906521628628
2733,0.1909090909090909
2734,-0.1428571428571428
2735,0.0
2736,0.0
2737,0.0
2738,0.0
2739,0.0
2740,0.1026220614828209
2741,0.4269430663831797
2742,0.1239583333333333
2743,0.238095238095238
2744,0.75
2745,0.0833333333333333
2746,-0.1666666666666666
2747,0.25
2748,0.5
2749,0.1631944444444444
2750,0.5
2751,0.3284848484848485
2752,0.5555555555555556
2753,0.0999999999999999
2754,0.0649350649350649
2755,0.0
2756,0.1330450666438336
2757,0.1764374083405407
2758,0.0542802132701422
2759,0.1566297779890012
2760,0.1198138028739121
2761,0.1210401891252954
2762,0.0
2763,0.1645962732919254
2764,0.1490384615384615
2765,0.0406567164179104
2766,0.25
2767,0.0396825396825396
2768,0.0286327845382963
2769,0.0366557734204793
2770,0.1956521739130434
2771,-0.0089285714285714
2772,0.0601503759398496
2773,0.0
2774,0.0
2775,0.0
2776,0.0
2777,0.2199780956062362
2778,0.1574852163087457
2779,0.1518013631937682
2780,0.0
2781,0.107457898957498
2782,0.0330701432243848
2783,0.25
2784,0.0499999999999999
2785,0.5833333333333334
2786,0.106060606060606
2787,0.2660747091243111
2788,0.3
2789,0.0710801393728223
2790,0.0
2791,0.6470588235294118
2792,-0.4
2793,0.3787878787878788
2794,0.1593406593406593
2795,0.1423728813559321
2796,0.75
2797,0.75
2798,0.8
2799,0.0
2800,0.0
2801,0.0
2802,0.0
2803,0.0
2804,0.55
2805,0.0946601201549205
2806,0.0
2807,0.1844111769762327
2808,0.101518117479569
2809,0.5263157894736842
2810,0.2272727272727273
2811,-0.1666666666666666
2812,-0.1111111111111111
2813,0.0
2814,0.0
2815,0.0
2816,0.1787644787644787
2817,0.4136363636363637
2818,0.0
2819,0.0
2820,0.0
2821,0.0
2822,0.0
2823,0.4276315789473684
2824,0.0
2825,0.3645161290322581
2826,0.0637362637362637
2827,0.3888888888888889
2828,0.0909090909090908
2829,0.0
2830,0.0
2831,0.0
2832,0.3076923076923077
2833,0.0
2834,0.0
2835,0.0
2836,0.0
2837,0.0
2838,0.0
2839,0.0
2840,0.6
2841,0.0108695652173912
2842,0.4166666666666667
2843,0.0166133617626154
2844,0.625
2845,0.0748663101604278
2846,0.2272727272727273
2847,0.0888888888888888
2848,0.0
2849,0.0
2850,0.0
2851,0.0
2852,0.0
2853,0.272674717368962
2854,0.0
2855,0.0
2856,0.0
2857,0.054875283446712
2858,0.3333333333333333
2859,0.0763096283289435
2860,0.1941303896258049
2861,0.2333333333333333
2862,0.2625812877145702
2863,0.2829179172647788
2864,0.2228779840848806
2865,0.0
2866,0.875
2867,0.0
2868,0.0
2869,0.2875
2870,0.8333333333333334
2871,0.0
2872,0.25
2873,0.0
2874,0.0
2875,0.438095238095238
2876,0.6666666666666667
2877,0.0
2878,0.8
2879,0.0827922077922078
2880,0.1428571428571428
2881,0.2605491063202506
2882,0.1225944404846756
2883,0.1055669476722108
2884,0.1435435960160755
2885,0.2973607038123167
2886,0.2337341967314214
2887,0.2663697640828117
2888,0.3522935779816514
2889,0.285824345146379
2890,0.1399345335515548
2891,0.2597402597402597
2892,0.2756244616709732
2893,0.275375939849624
2894,0.2258403361344537
2895,0.1253799392097264
2896,0.1609336609336609
2897,0.0334472217227116
2898,0.5
2899,0.1811414392059553
2900,0.2936117936117936
2901,0.2495737425404944
2902,0.2142857142857143
2903,0.2107843137254901
2904,-0.0666666666666667
2905,0.2115942028985507
2906,0.2465695488721805
2907,0.042447143499775
2908,0.1435383244206773
2909,0.1071591427268581
2910,0.1368432385874246
2911,0.2078125
2912,0.3025210084033614
2913,0.0894152795561246
2914,-0.0589002795899347
2915,0.0057416267942583
2916,0.0
2917,0.0
2918,0.0
2919,0.419141442984961
2920,0.0
2921,0.0649122807017544
2922,0.0607675906183368
2923,0.2218242999639466
2924,0.0513538141109086
2925,0.0790063671419603
2926,0.3996370235934664
2927,0.1816183816183816
2928,0.006766917293233
2929,0.1118236898983098
2930,0.0173737373737373
2931,0.1008403361344538
2932,0.2175039872408293
2933,0.1255109624674841
2934,0.1240419008686765
2935,0.1511388832896594
2936,0.0628964059196617
2937,0.3881987577639751
2938,0.1062278281434765
2939,0.3076923076923077
2940,0.2552916881775942
2941,0.1762161769248942
2942,0.0511704939415783
2943,0.1757911757911758
2944,0.1335748792270531
2945,0.3775290215588723
2946,0.0
2947,0.0
2948,0.171188475390156
2949,0.2175543885971492
2950,0.0204363435515051
2951,0.0915354330708661
2952,0.2019230769230769
2953,0.1407407407407407
2954,0.226987346662803
2955,-0.0068783068783068
2956,0.244153082919915
2957,0.2120181405895691
2958,-0.013253493013972
2959,0.1264507571570686
2960,0.0
2961,0.0
2962,0.4444444444444444
2963,0.4235197368421052
2964,0.0897435897435897
2965,0.1198375507653858
2966,0.3105130245269312
2967,0.027919163698527
2968,0.0050993493933532
2969,0.0735879915886412
2970,0.2753396029258098
2971,0.140382655949281
2972,0.0946868222987625
2973,0.0
2974,0.2585794094173982
2975,0.2896537424839311
2976,0.0
2977,0.148972602739726
2978,0.0990060623149584
2979,0.0
2980,0.0
2981,0.0
2982,0.0
2983,-0.6470588235294117
2984,0.0
2985,0.0
2986,0.0
2987,0.3241228070175439
2988,0.0090533639859214
2989,0.1884759799277117
2990,0.0923111477128096
2991,0.2069864442127216
2992,0.0646605504587155
2993,0.0974442946124702
2994,0.0176763650856914
2995,0.0
2996,0.234352930005104
2997,0.3554371002132196
2998,0.2340710091321338
2999,0.4846014492753623
3000,0.105050505050505
3001,0.242467718794835
3002,0.2542857142857143
3003,-0.0543628556873589
3004,0.0545808966861598
3005,0.2761194029850746
3006,0.1613360022146036
3007,0.1205363457204552
3008,0.0374840161898823
3009,0.0651827846949798
3010,0.101254572180631
3011,0.2567994939911449
3012,0.1126112611261125
3013,0.1579207309544388
3014,0.071981371138963
3015,0.1198208286674132
3016,0.2608422375864236
3017,-0.061301084236864
3018,0.1343537414965985
3019,0.3427991886409736
3020,0.3046904315196998
3021,-0.1302751485802333
3022,0.1235134375877891
3023,0.2307221542227662
3024,0.2037037037037037
3025,0.2311399443929565
3026,-0.0024570024570024
3027,0.0970183390859566
3028,0.0238473767885532
3029,0.2904761904761904
3030,0.0373129733390801
3031,0.105505593331871
3032,-0.0219219739399888
3033,0.0456374151370379
3034,0.1722943722943722
3035,0.2713643178410795
3036,0.0603322646458758
3037,0.1951127819548871
3038,0.0869104398516163
3039,0.2254545454545454
3040,-0.007469654528478
3041,0.1744076941121276
3042,0.1428571428571428
3043,0.017138787782877
3044,0.2496296296296296
3045,0.2989417989417989
3046,0.0350117439812096
3047,0.1083916083916084
3048,0.0522418095468083
3049,0.1662735849056603
3050,0.2388346643005028
3051,0.1749286005711954
3052,0.1934916758527067
3053,0.0
3054,0.1533538443676894
3055,0.1812151558951063
3056,0.5
3057,0.0
3058,0.1254029382399086
3059,0.1054818219702231
3060,0.2875568688147835
3061,0.0594754541430113
3062,0.2443502824858757
3063,0.2679065016224011
3064,0.0527184959349593
3065,0.0633986928104575
3066,0.047809829059829
3067,0.0453846153846153
3068,0.1724701723376049
3069,0.1011635423400129
3070,0.102506673906158
3071,0.1382133018496655
3072,0.0824353448275861
3073,0.1428035982008995
3074,0.5164141414141414
3075,0.3399319517476028
3076,0.0805386701580472
3077,0.1654846335697399
3078,-0.0149253731343284
3079,0.3685770750988142
3080,0.0
3081,0.0
3082,0.1767910767910768
3083,0.2038195835002002
3084,0.0772357723577236
3085,0.1436802701115678
3086,0.1439095817699276
3087,0.3486667822039563
3088,0.0
3089,0.1930825148867064
3090,0.2505632552741175
3091,0.0817306008057453
3092,0.25
3093,0.0629408572978839
3094,-0.0862068965517241
3095,0.0666666666666667
3096,-0.2941176470588235
3097,-0.144927536231884
3098,-0.0259740259740259
3099,0.2548419560886442
3100,0.1666666666666666
3101,0.0
3102,0.0571428571428571
3103,0.0
3104,0.0416666666666666
3105,-0.2166666666666666
3106,0.0
3107,0.1428571428571429
3108,-0.0341880341880341
3109,0.1682373031433811
3110,0.0277777777777777
3111,0.1480331262939958
3112,0.0693181818181818
3113,0.0846560846560846
3114,-0.0555555555555555
3115,0.0
3116,0.0
3117,0.0
3118,0.1744978847496611
3119,0.1666666666666666
3120,0.1476251604621309
3121,0.2002072002072002
3122,0.0
3123,0.1528708380579321
3124,0.021927242759595
3125,0.0883244994110718
3126,0.0028197198471893
3127,0.1263563402889245
3128,0.4887284489945642
3129,0.1989607935758148
3130,0.2031021194605009
